"代號","名稱","公佈日","配股價 / 溢價(折讓)","新股比例","現價 / 溢價(折讓)","配售代理","授權方式","配售方式","完成配售日期","狀態"
"08245.hk","烽翼集團","28/08/26","0.12 / (7.69%)","19.99%","0.135 / 12.5%","未來金融","普通授權","新股","未公佈","配股中"
"02350.hk","數科集團","28/08/26","0.655 / (5.07%)","3.49%","0.7 / 6.87%","-","普通授權","新股 - 代價發行","未公佈","配股中"
"00476.hk","科軒動力控股","28/08/26","0.66 / 4.8%","27.8%","0.66 / 0.0%","-","特別授權","新股","未公佈","配股中"
"08079.hk","曌生命","27/08/26","0.71 / 18.33%","1.91%","0.6 / (15.49%)","-","普通授權","新股","未公佈","配股中"
"01332.hk","透雲生物","25/08/26","0.122 / (18.67%)","4.38%","0.143 / 17.21%","-","普通授權","新股","未公佈","配股中"
"09988.hk","阿里巴巴－Ｗ","24/08/26","112.7 / (3.6%)","3.7%","113.5 / 0.71%","中國國際金融, 滙豐, 摩根士丹利, 瑞士銀行","普通授權","新股","26/08/26","已完成"
"01918.hk","融創中國","24/08/26","0.547 / 0.37%","1.3%","0.64 / 17.0%","-","普通授權","新股 - 代價發行","未公佈","配股中"
"00899.hk","中加國信","24/08/26","0.14 / (12.5%)","6.66%","0.175 / 25.0%","鼎石","普通授權","新股","未公佈","配股中"
"01020.hk","中細軟科技","21/08/26","0.2 / (2.4%)","24.23%","0.265 / 32.5%","-","特別授權","新股 - 代價發行","未公佈","配股中"
"00601.hk","稀鎂科技","21/08/26","0.05 / (19.35%)","16.2%","0.062 / 24.0%","駿達","普通授權","新股","未公佈","配股中"
"00092.hk","冠軍科技集團","20/08/26","0.177 / (15.71%)","7.66%","0.191 / 7.91%","山證國際","普通授權","新股","未公佈","配股中"
"08547.hk","PACIFIC LEGEND","19/08/26","0.138 / 43.75%","20.0%","0.089 / (35.51%)","-","特別授權","新股","未公佈","配股中"
"01091.hk","南方錳業","18/08/26","0.314 / (18.44%)","20.0%","0.38 / 21.02%","信誠","普通授權","新股","未公佈","配股中"
"01725.hk","中國技術集團","18/08/26","0.3 / (9.09%)","20.0%","0.29 / (3.33%)","高歌","普通授權","新股","未公佈","配股中"
"01160.hk","金石資本集團","18/08/26","0.48 / 0.0%","20.0%","0.49 / 2.08%","滙富金融","普通授權","新股","未公佈","配股中"
"00875.hk","從玉智農","17/08/26","0.24 / (18.64%)","20.0%","0.325 / 35.42%","Funderstone Securities Limited","普通授權","新股","未公佈","配股中"
"01429.hk","天任集團","14/08/26","0.101 / (15.83%)","20.0%","0.194 / 92.08%","朝盛資本","普通授權","新股","未公佈","配股中"
"09963.hk","高科橋光導","14/08/26","7.0 / (8.5%)","11.5%","10.4 / 48.57%","-","普通授權","新股","28/08/26","已完成"
"00931.hk","中國港能","14/08/26","0.267 / (7.9%)","18.23%","0.305 / 14.23%","-","普通授權","新股","未公佈","配股中"
"01384.hk","滴普科技","13/08/26","35.0 / (3.74%)","4.27%","35.1 / 0.29%","中信里昂, 興證國際, 新百利融資, 天澤","普通授權","新股","17/08/26","已完成"
"01869.hk","貓屎咖啡控股","12/08/26","0.039 / (17.02%)","16.7%","0.052 / 33.33%","元宇宙","普通授權","新股","未公佈","配股中"
"01626.hk","嘉耀控股","12/08/26","21.0 / (17.9%)","3.42%","19.34 / (7.9%)","-","普通授權","新股 - 代價發行","未公佈","配股中"
"01783.hk","晉景新能","11/08/26","4.66 / (10.56%)","4.08%","4.7 / 0.86%","麥格理資本, 德意志銀行, 中銀國際","普通授權","先舊後新","20/08/26","已完成"
"01865.hk","鵬高控股集團","10/08/26","0.34 / (16.0%)","11.4%","0.42 / 23.53%","-","普通授權","新股","24/08/26","已完成"
"01539.hk","知行集團控股","06/08/26","0.4 / 19.4%","1.41%","0.33 / (17.5%)","-","普通授權","新股","未公佈","配股中"
"03919.hk","金力集團","06/08/26","0.65 / (5.1%)","16.7%","0.51 / (21.54%)","-","普通授權","新股","17/08/26","已完成"
"02330.hk","中國上城","05/08/26","0.26 / (5.45%)","20.0%","0.236 / (9.23%)","滙盈","普通授權","新股","-","已取消"
"00348.hk","中國智能健康","05/08/26","0.07 / 16.7%","20.0%","0.076 / 8.57%","-","普通授權","新股","27/08/26","已完成"
"08247.hk","中生北控生物科技","05/08/26","3.2 / (0.31%)","1.93%","3.275 / 2.34%","-","普通授權","新股 - 代價發行","未公佈","配股中"
"02473.hk","喜相逢集團","04/08/26","0.3947 / (21.8%)","20.47%","0.445 / 12.74%","-","特別授權","新股 - 代價發行","未公佈","配股中"
"00261.hk","ＧＢＡ集團","03/08/26","0.2 / (9.5%)","16.35%","0.265 / 32.5%","高裕","普通授權","新股","26/08/26","已完成"
"00290.hk","國富量子","03/08/26","1.6 / (12.09%)","2.12%","1.655 / 3.44%","浙商國際, 富強","普通授權","先舊後新","04/08/26","已完成"
"02652.hk","長風藥業","31/07/26","13.82 / (11.97%)","7.23%","13.77 / (0.36%)","中信里昂, 建銀國際, 天澤, 新百利融資","普通授權","新股","06/08/26","已完成"
"02511.hk","君聖泰醫藥－Ｂ","31/07/26","2.28 / (12.31%)","17.33%","3.07 / 34.65%","華興","普通授權","新股","07/08/26","已完成"
"08198.hk","加幂科技","31/07/26","1.5 / (10.71%)","9.29%","1.14 / (24.0%)","嘉匯達","普通授權","新股","未公佈","配股中"
"08635.hk","大象控股集團","31/07/26","0.19 / (15.93%)","13.13%","0.275 / 44.74%","元庫","普通授權","新股","25/08/26","已完成"
"00544.hk","大同集團","30/07/26","1.0 / 33.33%","19.76%","0.91 / (9.0%)","-","普通授權","新股","10/08/26","已完成"
"08412.hk","新愛德集團","30/07/26","0.245 / (7.55%)","20.0%","0.27 / 10.2%","-","普通授權","新股","11/08/26","已完成"
"08373.hk","靛藍星","30/07/26","0.6502 / (5.77%)","28.63%","0.795 / 22.27%","-","特別授權","新股","未公佈","配股中"
"03680.hk","瑞和數智","30/07/26","2.03 / (10.96%)","5.0%","2.325 / 14.53%","遠源","普通授權","新股","24/08/26","已完成"
"00804.hk","鼎石資本","29/07/26","5.22 / (19.94%)","20.0%","15.48 / 196.55%","鼎石","普通授權","新股","19/08/26","已完成"
"08406.hk","中國口腔產業","27/07/26","0.056 / (11.11%)","20.0%","0.085 / 51.79%","-","普通授權","新股","19/08/26","已完成"
"08373.hk","靛藍星","27/07/26","0.6352 / (10.54%)","2.0%","0.795 / 25.16%","-","普通授權","新股","未公佈","配股中"
"01333.hk","博雷頓","26/07/26","10.08 / (8.11%)","0.86%","11.76 / 16.67%","招銀國際, 都會金融","普通授權","新股","31/07/26","已完成"
"00389.hk","通天酒業","26/07/26","0.145 / (18.99%)","20.0%","0.53 / 265.52%","嬴控金融","普通授權","新股","-","已取消"
"02501.hk","邁越科技","26/07/26","0.97 / (19.17%)","20.0%","1.475 / 52.06%","東皓","普通授權","新股","未公佈","配股中"
"00476.hk","科軒動力控股","24/07/26","0.5 / 13.64%","9.55%","0.66 / 32.0%","-","普通授權","新股","07/08/26","已完成"
"08160.hk","GOLDWAY EDU","24/07/26","0.395 / (16.0%)","14.29%","0.57 / 44.3%","昌利","普通授權","新股","24/08/26","已完成"
"01449.hk","立德教育","24/07/26","0.265 / (19.7%)","20.0%","1.375 / 418.87%","德林","普通授權","新股","14/08/26","已完成"
"08125.hk","榮記萬通","23/07/26","0.385 / (14.4%)","10.55%","0.755 / 96.1%","宏智","普通授權","新股","17/08/26","已完成"
"01094.hk","承輝國際","23/07/26","0.209 / (18.04%)","20.0%","0.415 / 98.56%","高裕","普通授權","新股","18/08/26","已完成"
"00568.hk","山東墨龍","22/07/26","4.58 / (18.94%)","10.03%","4.725 / 3.17%","招商","普通授權","新股","29/07/26","已完成"
"02431.hk","佑駕創新","22/07/26","6.23 / (15.0%)","4.85%","3.63 / (41.73%)","中信里昂","普通授權","新股","28/07/26","已完成"
"02410.hk","同源康醫藥－Ｂ","21/07/26","7.3 / (13.3%)","16.63%","5.87 / (19.59%)","-","普通授權","新股","未公佈","配股中"
"01416.hk","CTR HOLDINGS","21/07/26","0.22 / 22.22%","19.64%","0.188 / (14.55%)","-","普通授權","新股 - 代價發行","未公佈","配股中"
"08365.hk","亦辰集團","17/07/26","1.0 / (1.96%)","5.03%","0.74 / (26.0%)","-","普通授權","新股 - 代價發行","未公佈","配股中"
"01870.hk","綠色電能集團","17/07/26","0.2 / (5.66%)","4.92%","0.18 / (10.0%)","華盛資本","普通授權","新股","-","已取消"
"02369.hk","酷派集團","17/07/26","0.53 / (15.87%)","19.88%","0.64 / 20.75%","-","普通授權","新股","10/08/26","已完成"
"02603.hk","吉宏股份","16/07/26","12.24 / (17.02%)","13.8%","12.57 / 2.7%","國泰君安, 招商, 力高","普通授權","新股","20/07/26","已完成"
"09689.hk","金泰豐國際控股","16/07/26","0.69 / 0.0%","20.0%","0.52 / (24.64%)","嘉高達","普通授權","新股","05/08/26","已完成"
"08482.hk","萬勵達","16/07/26","0.104 / 0.0%","25.0%","0.131 / 25.96%","-","特別授權","新股","未公佈","配股中"
"02595.hk","勁方醫藥－Ｂ","15/07/26","34.69 / (9.71%)","4.02%","30.88 / (10.98%)","摩根士丹利, 中信里昂","普通授權","新股","17/07/26","已完成"
"03669.hk","永達汽車","15/07/26","0.825 / (19.9029%)","4.0%","0.825 / 0.0%","-","普通授權","新股","24/07/26","已完成"
"08401.hk","華夏水務集團","15/07/26","0.026 / (18.75%)","20.0%","0.031 / 19.23%","華業","普通授權","新股","30/07/26","已完成"
"00979.hk","綠色能源科技集團","15/07/26","0.4 / 31.15%","10.0%","0.255 / (36.25%)","第一, 未來","普通授權","新股","未公佈","配股中"
"00643.hk","恆富控股","14/07/26","0.165 / 0.0%","20.0%","0.164 / (0.61%)","華富建業","普通授權","新股","未公佈","配股中"
"02477.hk","經緯天地","13/07/26","0.24 / (7.69%)","19.9%","0.232 / (3.33%)","貝塔國際","普通授權","先舊後新","16/07/26","已完成"
"08377.hk","維港育馬","13/07/26","0.08 / (14.89%)","20.0%","0.13 / 62.5%","美建","普通授權","新股","29/07/26","已完成"
"00100.hk","MINIMAX-W","10/07/26","268.0 / (9.89%)","11.35%","319.4 / 19.18%","摩根士丹利, 瑞士銀行","普通授權","新股","14/07/26","已完成"
"02685.hk","量化派","10/07/26","13.05 / (14.98%)","0.89%","3.735 / (71.38%)","-","普通授權","新股","21/07/26","已完成"
"01452.hk","迪諾斯環保","10/07/26","0.1368 / (16.59%)","30.0%","0.165 / 20.61%","-","特別授權","新股","27/08/26","已完成"
"02513.hk","智譜","09/07/26","1588.0 / (12.99%)","4.44%","1105.0 / (30.42%)","中國國際金融","普通授權","新股","13/07/26","已完成"
"09903.hk","天數智芯","09/07/26","476.0 / (15.0%)","6.06%","370.6 / (22.14%)","高盛, 摩根士丹利, 華泰金融, 摩根大通","普通授權","新股","13/07/26","已完成"
"08368.hk","中國創意控股","09/07/26","0.218 / (0.91%)","19.8%","0.275 / 26.15%","-","普通授權","新股 - 代價發行","30/07/26","已完成"
"06990.hk","科倫博泰生物","08/07/26","470.2 / (8.52%)","2.5%","485.2 / 3.19%","高盛, 花旗, 摩根大通","普通授權","新股","10/07/26","已完成"
"08367.hk","倩碧控股","08/07/26","0.151 / (18.38%)","19.99%","0.199 / 31.79%","聖衡金融","普通授權","新股","28/07/26","已完成"
"01716.hk","毛記葵涌","07/07/26","4.28 / (19.7%)","20.0%","4.035 / (5.72%)","邁時資產管理","普通授權","新股","未公佈","配股中"
"01894.hk","恒益控股","07/07/26","0.45 / (6.25%)","4.0%","0.51 / 13.33%","-","普通授權","新股","-","已取消"
"00419.hk","弘毅文化集團","06/07/26","0.4 / (16.67%)","10.19%","0.55 / 37.5%","-","普通授權","新股","20/07/26","已完成"
"08340.hk","紫荊國際金融","06/07/26","0.43 / (14.0%)","20.0%","0.58 / 34.88%","盈立","普通授權","新股","27/07/26","已完成"
"01985.hk","美高域","06/07/26","3.35 / (3.2%)","10.0%","2.805 / (16.27%)","阿仕特朗","普通授權","新股","未公佈","配股中"
"06082.hk","壁仞科技","05/07/26","46.2 / (9.94%)","12.74%","43.38 / (6.1%)","中國國際金融, 中信里昂","普通授權","新股","08/07/26","已完成"
"06651.hk","五一視界","03/07/26","73.2 / (12.0%)","1.4%","66.75 / (8.81%)","高盛, 華泰金融","普通授權","新股","10/07/26","已完成"
"03317.hk","迅策","03/07/26","107.7 / (13.0%)","2.7%","125.3 / 16.34%","摩根士丹利, 高盛, 德意志, 國泰君安","普通授權","新股","10/07/26","已完成"
"08239.hk","首都金融控股","03/07/26","16.1 / (19.5%)","7.99%","20.88 / 29.69%","高盈","普通授權","新股","23/07/26","已完成"
"00377.hk","中國華君","02/07/26","1.09 / (2.68%)","14.73%","4.45 / 308.26%","-","普通授權","新股","16/07/26","已完成"
"00377.hk","中國華君","30/06/26","1.0 / (21.9%)","115.35%","4.45 / 345.0%","-","特別授權","新股","未公佈","配股中"
"01842.hk","植華集團","30/06/26","0.033 / (15.38%)","20.0%","0.036 / 9.09%","-","普通授權","新股","未公佈","配股中"
"01950.hk","帝王實業控股","30/06/26","0.087 / (17.92%)","10.0%","0.103 / 18.39%","中富","普通授權","新股","-","已取消"
"01728.hk","正通汽車","30/06/26","0.15 / 4.9%","22.0%","0.143 / (4.67%)","富強","特別授權","新股","未公佈","配股中"
"01835.hk","瑞威資管","30/06/26","0.8 / (39.39%)","97.82%","4.58 / 472.5%","-","特別授權","新股","未公佈","配股中"
"08137.hk","洪橋集團","29/06/26","0.37 / (36.21%)","16.67%","0.58 / 56.76%","-","特別授權","新股","未公佈","配股中"
"01396.hk","粵港灣智算","29/06/26","11.75 / (10.03%)","1.51%","10.78 / (8.26%)","-","普通授權","新股","07/07/26","已完成"
"01783.hk","晉景新能","29/06/26","6.05 / 0.0%","1.14%","4.7 / (22.31%)","-","普通授權","新股","未公佈","配股中"
"02028.hk","映美控股","29/06/26","0.72 / (19.1%)","16.66%","2.88 / 300.0%","瑞城","普通授權","新股","14/07/26","已完成"
"01142.hk","能源及能量環球","28/06/26","0.11 / 59.4%","3.6%","0.091 / (17.27%)","-","普通授權","新股","13/07/26","已完成"
"01142.hk","能源及能量環球","28/06/26","0.15 / 117.4%","9.18%","0.091 / (39.33%)","-","特別授權","新股","27/08/26","已完成"
"01949.hk","佰達國際控股","26/06/26","0.36 / (14.29%)","20.0%","0.59 / 63.89%","-","普通授權","新股","21/07/26","已完成"
"00377.hk","中國華君","26/06/26","1.0 / (21.9%)","14.73%","4.45 / 345.0%","-","普通授權","新股","-","已取消"
"01943.hk","金石控股集團","25/06/26","0.5456 / (18.57%)","19.41%","1.205 / 120.86%","鼎石","普通授權","新股","21/07/26","已完成"
"01156.hk","CHINANEWENERGY","25/06/26","0.173 / (15.61%)","20.0%","0.265 / 53.18%","瑞城","普通授權","新股","15/07/26","已完成"
"08620.hk","亞洲速運","25/06/26","0.084 / (18.4%)","20.0%","0.151 / 79.76%","智易東方","普通授權","新股","20/07/26","已完成"
"02651.hk","大眾口腔","24/06/26","10.0 / (16.67%)","7.05%","25.74 / 157.4%","聖衡金融","普通授權","新股","15/07/26","已完成"
"02650.hk","摯達科技","23/06/26","10.98 / (11.88%)","6.4%","9.035 / (17.71%)","立鼎, 天澤, 新百利融資","普通授權","新股","30/06/26","已完成"
"00632.hk","中港石油","23/06/26","0.21 / (17.6%)","9.08%","0.186 / (11.43%)","百惠, 軟庫中華","普通授權","新股","-","已取消"
"00527.hk","瑞風綠能智算","23/06/26","0.55 / (15.4%)","20.0%","0.76 / 38.18%","華富建業","普通授權","新股","10/07/26","已完成"
"08123.hk","華億金控","23/06/26","0.1 / (29.1%)","166.9%","0.235 / 135.0%","-","特別授權","新股","13/08/26","已完成"
"01025.hk","嘉藝控股","22/06/26","0.2 / (4.31%)","20.0%","0.202 / 1.0%","華業","普通授權","新股","18/08/26","已完成"
"03708.hk","世界數字經濟產業","22/06/26","0.18 / (4.76%)","8.34%","0.191 / 6.11%","-","普通授權","新股","25/06/26","已完成"
"02166.hk","芯智控股","22/06/26","3.0 / (15.01%)","20.0%","4.75 / 58.33%","國投","普通授權","新股","13/07/26","已完成"
"08003.hk","世大控股","22/06/26","0.075 / (2.6%)","9.63%","0.067 / (10.67%)","-","普通授權","新股","未公佈","配股中"
"02592.hk","撥康視雲－Ｂ","18/06/26","未決定 / N/A","13.28%","1.155 / N/A","-","普通授權","新股","未公佈","配股中"
"09982.hk","中原建業","18/06/26","0.09 / (9.09%)","20.0%","0.088 / (2.22%)","-","普通授權","新股","14/08/26","已完成"
"02623.hk","香港黃金產業集團","18/06/26","4.08 / (13.19%)","4.42%","3.85 / (5.64%)","第一上海, 新百利, 天澤","普通授權","新股","04/08/26","已完成"
"02465.hk","龍蟠科技","17/06/26","13.09 / (8.91%)","12.5%","9.96 / (23.91%)","國泰君安, 中信建投","普通授權","新股","22/06/26","已完成"
"02889.hk","博泰車聯","17/06/26","173.4 / (17.56%)","2.8%","159.2 / (8.19%)","國泰君安, 招銀國際","普通授權","新股","22/06/26","已完成"
"01736.hk","中國育兒網絡","17/06/26","0.325 / (19.75%)","6.9%","0.455 / 40.0%","-","普通授權","新股","06/07/26","已完成"
"01011.hk","泰凌醫藥","17/06/26","0.365 / (20.65%)","89.31%","0.38 / 4.11%","-","特別授權","新股","未公佈","配股中"
"00381.hk","權識國際","17/06/26","0.113 / 7.62%","25.43%","0.075 / (33.63%)","-","特別授權","新股","20/07/26","已完成"
"02349.hk","中國智能基礎設施","17/06/26","0.06 / (14.29%)","11.83%","0.095 / 58.33%","-","普通授權","新股","未公佈","配股中"
"01208.hk","五礦資源","16/06/26","8.88 / (8.8%)","5.8%","9.09 / 2.36%","中信, 摩根士丹利, 美銀, 花旗","普通授權","新股","18/06/26","已完成"
"01869.hk","貓屎咖啡控股","16/06/26","0.076 / (16.5%)","20.0%","0.052 / (31.58%)","中毅資本","普通授權","新股","14/07/26","已完成"
"01920.hk","巨美集團","15/06/26","0.434 / (13.2%)","14.6%","0.425 / (2.07%)","黃河","普通授權","新股","26/06/26","已完成"
"09677.hk","威海銀行","14/06/26","3.61 / 26.22%","2.57%","2.79 / (22.71%)","華泰","特別授權","新股","未公佈","配股中"
"02490.hk","樂艙物流","12/06/26","3.3 / (17.09%)","7.36%","4.77 / 44.55%","建銀國際, 新百利融資, 力高, 天澤","普通授權","新股","22/06/26","已完成"
"00821.hk","匯盈控股","12/06/26","0.218 / (19.26%)","19.99%","0.445 / 104.13%","滙盈","普通授權","新股","06/07/26","已完成"
"00737.hk","灣區發展","12/06/26","1.8335 / (5.0%)","8.11%","1.945 / 6.08%","-","普通授權","新股","26/06/26","已完成"
"01323.hk","華盛國際控股","11/06/26","0.127 / (5.93%)","20.0%","0.188 / 48.03%","凱基","普通授權","新股","03/07/26","已完成"
"08131.hk","諾亞智能","10/06/26","0.1 / (6.5%)","20.0%","0.25 / 150.0%","新確","普通授權","新股","30/06/26","已完成"
"01912.hk","康特隆","08/06/26","0.365 / (34.82%)","205.83%","2.5 / 584.93%","-","特別授權","新股","29/07/26","已完成"
"01912.hk","康特隆","08/06/26","0.365 / (34.82%)","44.17%","2.5 / 584.93%","-","特別授權","新股","未公佈","配股中"
"00174.hk","盛洋投資","07/06/26","0.18 / (3.23%)","15.0%","0.172 / (4.44%)","-","普通授權","新股","23/06/26","已完成"
"00493.hk","國美零售","05/06/26","0.014 / 7.69%","4.7%","0.01 / (28.57%)","-","普通授權","新股 - 代價發行","未公佈","配股中"
"00632.hk","中港石油","05/06/26","0.21 / (16.0%)","10.01%","0.186 / (11.43%)","百惠","普通授權","新股","18/06/26","已完成"
"01327.hk","勵時集團","04/06/26","0.5 / 0.0%","20.0%","1.65 / 230.0%","貝格隆","普通授權","新股","25/06/26","已完成"
"09936.hk","稀美資源","03/06/26","16.1 / (19.5%)","8.97%","15.74 / (2.24%)","麥格理, 中國國際金融","普通授權","先舊後新","10/06/26","已完成"
"01277.hk","力量發展","03/06/26","1.85 / (12.74%)","2.01%","2.195 / 18.65%","中信","普通授權","新股","10/06/26","已完成"
"02550.hk","宜搜科技","03/06/26","1.804 / 2.5%","19.91%","1.975 / 9.48%","-","普通授權","新股 - 代價發行","未公佈","配股中"
"01159.hk","智數科技集團","02/06/26","1.8 / (10.0%)","19.95%","2.58 / 43.33%","路華","普通授權","新股","未公佈","配股中"
"08031.hk","易通訊集團","01/06/26","0.298 / (3.87%)","20.0%","0.285 / (4.36%)","中毅","普通授權","新股","22/06/26","已完成"
"08510.hk","TOPSTANDARDCORP","01/06/26","0.16 / (20.0%)","26.2%","0.186 / 16.25%","-","特別授權","新股","未公佈","配股中"
"09689.hk","金泰豐國際控股","29/05/26","0.694 / (0.86%)","20.0%","0.52 / (25.07%)","嘉高達","普通授權","新股","-","已取消"
"02431.hk","佑駕創新","29/05/26","9.81 / (0.81%)","0.57%","3.63 / (63.0%)","-","普通授權","新股","未公佈","配股中"
"00080.hk","ＣＡＩ控股","29/05/26","0.33 / 10.0%","19.74%","0.265 / (19.7%)","-","特別授權","新股","28/08/26","已完成"
"06166.hk","劍橋科技","28/05/26","126.66 / (8.88%)","20.24%","100.6 / (20.57%)","國泰君安, 開盤, 美林","普通授權","新股","04/06/26","已完成"
"03700.hk","映宇宙","28/05/26","0.85 / (19.81%)","20.0%","0.81 / (4.71%)","-","普通授權","新股","02/07/26","已完成"
"09678.hk","雲知聲","28/05/26","228.0 / (19.89%)","3.92%","79.6 / (65.09%)","法國巴黎","普通授權","新股","04/06/26","已完成"
"00428.hk","中國天弓控股","28/05/26","0.2 / (18.7%)","20.0%","0.194 / (3.0%)","SFGHK","普通授權","新股","09/06/26","已完成"
"00254.hk","國家聯合資源","28/05/26","0.77 / (10.47%)","19.87%","0.245 / (68.18%)","-","普通授權","新股","12/06/26","已完成"
"06030.hk","中信証券","28/05/26","23.13 / (8.0%)","30.3%","26.8 / 15.87%","中信","特別授權","新股","06/08/26","已完成"
"02497.hk","富景中國控股","28/05/26","0.457 / (19.82%)","18.13%","0.565 / 23.63%","-","普通授權","新股 - 代價發行","未公佈","配股中"
"01286.hk","鷹普精密","27/05/26","9.1 / (13.58%)","3.18%","8.665 / (4.78%)","星展亞洲, 滙豐","普通授權","先舊後新","03/06/26","已完成"
"00994.hk","中天宏信","27/05/26","0.36 / 4.35%","2.7%","0.255 / (29.17%)","遠源","普通授權","新股","12/06/26","已完成"
"01679.hk","瑞斯康集團","27/05/26","0.46 / (11.54%)","39.79%","1.28 / 178.26%","智易東方","特別授權","新股","未公佈","配股中"
"01152.hk","正乾金融控股","26/05/26","0.2 / (20.0%)","3.14%","0.202 / 1.0%","國元國際","普通授權","新股","30/06/26","已完成"
"02028.hk","映美控股","26/05/26","0.11 / (17.29%)","20.0%","2.88 / 2518.18%","瑞城","普通授權","新股","12/06/26","已完成"
"01146.hk","匯成國際控股","26/05/26","0.1 / 88.7%","2.9%","0.058 / (42.0%)","-","特別授權","新股","10/08/26","已完成"
"00419.hk","弘毅文化集團","26/05/26","0.4 / (17.53%)","9.28%","0.55 / 37.5%","-","普通授權","新股","15/06/26","已完成"
"02257.hk","聖諾醫藥－Ｂ","25/05/26","4.69 / (15.34%)","2.22%","3.955 / (15.67%)","-","普通授權","新股","12/08/26","已完成"
"02540.hk","樂思集團","22/05/26","0.7 / (14.63%)","20.0%","0.75 / 7.14%","眾宸","普通授權","新股","04/06/26","已完成"
"00356.hk","鼎立資本","22/05/26","0.049 / (14.04%)","10.45%","0.535 / 991.84%","-","普通授權","新股","22/06/26","已完成"
"01384.hk","滴普科技","21/05/26","50.58 / (19.78%)","2.431%","35.1 / (30.6%)","中信里昂, 興證國際, 浦銀國際, 新百利融資, 天澤","普通授權","新股","28/05/26","已完成"
"02515.hk","天津建發","21/05/26","0.85 / (19.8%)","20.0%","2.45 / 188.24%","-","普通授權","新股","29/06/26","已完成"
"08395.hk","中顯智能齊家控股","21/05/26","0.8 / (20.0%)","7.89%","2.1 / 162.5%","華富建業","普通授權","新股 - 代價發行","28/08/26","已完成"
"02495.hk","聲通科技","20/05/26","46.3 / (2.32%)","5.54%","30.16 / (34.86%)","-","普通授權","新股","未公佈","配股中"
"01340.hk","惠生國際","20/05/26","0.046 / (19.3%)","20.0%","0.495 / 976.09%","華業","普通授權","新股","12/06/26","已完成"
"08299.hk","大唐黃金","19/05/26","0.4275 / (14.5%)","4.7%","0.31 / (27.49%)","第一上海, 中銀國際, 工銀國際","普通授權","新股","27/05/26","已完成"
"02617.hk","藥捷安康－Ｂ","19/05/26","40.83 / (18.01%)","1.24%","10.25 / (74.9%)","麥格理","普通授權","新股","27/05/26","已完成"
"08196.hk","福田股份","19/05/26","0.85 / 0.0%","20.0%","0.835 / (1.76%)","凱基","普通授權","新股","01/06/26","已完成"
"00164.hk","中國寶力科技","19/05/26","0.42 / (19.23%)","6.0%","0.465 / 10.71%","-","普通授權","新股","01/06/26","已完成"
"01003.hk","歡喜傳媒","19/05/26","0.275 / 0.0%","16.68%","0.199 / (27.64%)","-","普通授權","新股","未公佈","配股中"
"02171.hk","科濟藥業－Ｂ","15/05/26","19.84 / (9.49%)","4.15%","13.2 / (33.47%)","瑞士銀行, 麥格理","普通授權","先舊後新","26/05/26","已完成"
"00813.hk","世茂集團","15/05/26","6.0 / 3770.97%","0.734%","0.057 / (99.05%)","-","普通授權","新股","未公佈","配股中"
"02556.hk","邁富時","15/05/26","40.54 / 0.0%","4.83%","57.25 / 41.22%","-","普通授權","新股","20/05/26","已完成"
"01808.hk","企展控股","15/05/26","1.08 / (19.4%)","20.0%","2.06 / 90.74%","華福國際","普通授權","新股","-","已取消"
"01372.hk","中國碳中和","13/05/26","0.8 / (15.79%)","10.97%","1.365 / 70.62%","-","普通授權","新股","17/06/26","已完成"
"01087.hk","威訊控股","13/05/26","0.67 / (15.19%)","20.0%","1.35 / 101.49%","中達","普通授權","新股","02/06/26","已完成"
"02473.hk","喜相逢集團","13/05/26","0.82 / (2.38%)","9.09%","0.445 / (45.73%)","華富建業","普通授權","先舊後新","19/05/26","已完成"
"01803.hk","北京體育文化","12/05/26","0.073 / (18.89%)","20.0%","0.076 / 4.11%","-","普通授權","新股","11/06/26","已完成"
"01729.hk","匯聚科技","12/05/26","21.0 / (13.58%)","6.6%","17.5 / (16.67%)","麥格理資本","普通授權","新股","19/05/26","已完成"
"01631.hk","REF HOLDINGS","12/05/26","0.457 / (19.82%)","20.0%","1.35 / 195.4%","金利豐","普通授權","新股","27/05/26","已完成"
"00309.hk","新華通訊頻媒","07/05/26","0.033 / 3.13%","7.92%","0.93 / 2718.18%","-","普通授權","新股","未公佈","配股中"
"02563.hk","華昊中天醫藥－Ｂ","07/05/26","4.0 / (11.11%)","6.86%","3.7 / (7.5%)","-","普通授權","新股","16/07/26","已完成"
"03919.hk","金力集團","06/05/26","1.2 / (14.29%)","20.0%","0.51 / (57.5%)","-","普通授權","新股","19/05/26","已完成"
"08471.hk","新達控股","05/05/26","0.02 / (16.67%)","20.0%","0.29 / 1350.0%","瑞邦","普通授權","新股","27/05/26","已完成"
"01568.hk","承達集團","05/05/26","0.66 / (10.81%)","1.02%","0.65 / (1.52%)","佳富達","普通授權","新股","21/05/26","已完成"
"00476.hk","科軒動力控股","04/05/26","0.52 / (8.77%)","1.2%","0.66 / 26.92%","-","普通授權","新股","14/05/26","已完成"
"00456.hk","新城市建設發展","04/05/26","0.373 / (12.24%)","14.82%","0.48 / 28.69%","-","普通授權","新股","22/05/26","已完成"
"00474.hk","信銘生命科技","04/05/26","0.12 / 0.0%","15.74%","0.153 / 27.5%","-","特別授權","新股 - 代價發行","未公佈","配股中"
"00343.hk","文化傳信","29/04/26","0.107 / (15.08%)","3.92%","0.106 / (0.93%)","-","普通授權","新股","22/05/26","已完成"
"01921.hk","達力普控股","28/04/26","5.28 / (12.0%)","4.93%","3.895 / (26.23%)","滙豐","普通授權","先舊後新","07/05/26","已完成"
"01361.hk","３６１度","28/04/26","6.18 / (10.69%)","4.84%","4.585 / (25.81%)","瑞士銀行","普通授權","先舊後新","07/05/26","已完成"
"02889.hk","博泰車聯","28/04/26","127.35 / (10.0%)","1.19%","159.2 / 25.01%","-","普通授權","新股","06/05/26","已完成"
"03750.hk","寧德時代","28/04/26","628.2 / (7.0%)","40.01%","597.5 / (4.89%)","美林, 中國國際金融, 摩根大通, 摩根士丹利","普通授權","新股","30/04/26","已完成"
"00472.hk","新絲路控股集團","28/04/26","0.215 / (3.59%)","20.0%","0.231 / 7.44%","-","普通授權","新股","16/06/26","已完成"
"02522.hk","一脈陽光","27/04/26","6.405 / (19.0265%)","12.33%","5.225 / (18.42%)","-","普通授權","新股 - 代價發行","27/08/26","已完成"
"00544.hk","大同集團","27/04/26","2.0 / 13.64%","12.95%","0.91 / (54.5%)","-","普通授權","新股","30/04/26","已完成"
"01152.hk","正乾金融控股","27/04/26","0.254 / 4.1%","2.77%","0.202 / (20.47%)","-","普通授權","新股 - 代價發行","未公佈","配股中"
"08120.hk","國農金融投資","24/04/26","0.6 / (11.76%)","20.0%","2.2 / 266.67%","嬴控","普通授權","新股","15/05/26","已完成"
"00524.hk","長城天下","24/04/26","0.47 / (14.5%)","20.0%","2.03 / 331.91%","一盈","普通授權","新股","21/05/26","已完成"
"01380.hk","中國金石","24/04/26","0.57 / 0.0%","3.17%","0.44 / (22.81%)","-","普通授權","新股","28/05/26","已完成"
"08125.hk","榮記萬通","23/04/26","0.425 / (19.81%)","20.0%","0.755 / 77.65%","宏智","普通授權","新股","19/05/26","已完成"
"08320.hk","沛然環保","22/04/26","0.1 / (2.0%)","19.88%","0.112 / 12.0%","軟庫中華","普通授權","新股","-","已取消"
"00199.hk","德祥地產","22/04/26","0.8 / (12.09%)","6.78%","2.66 / 232.5%","招銀國際, 華興, 瑞邦, 百惠","普通授權","新股","13/05/26","已完成"
"06682.hk","範式智能","22/04/26","40.36 / (11.95%)","12.09%","27.06 / (32.95%)","中金, 華泰","普通授權","新股","未公佈","配股中"
"00302.hk","中手游","21/04/26","0.244 / (6.15%)","4.1%","0.195 / (20.08%)","-","普通授權","新股","28/04/26","已完成"
"03393.hk","威勝控股","21/04/26","30.0 / (6.07%)","5.02%","15.55 / (48.17%)","中金, 花旗","普通授權","先舊後新","未公佈","配股中"
"02256.hk","和譽－Ｂ","21/04/26","12.18 / (8.35%)","6.37%","8.945 / (26.56%)","花旗","普通授權","新股","28/04/26","已完成"
"00279.hk","裕承科金","20/04/26","0.49 / (18.3%)","9.67%","0.39 / (20.41%)","凱基","普通授權","新股","未公佈","配股中"
"00451.hk","時代數字","20/04/26","1.05 / 0.0%","8.17%","0.55 / (47.62%)","海通國際","普通授權","新股","28/04/26","已完成"
"00020.hk","商湯－Ｗ","17/04/26","1.91 / (8.61%)","4.26%","1.415 / (25.92%)","滙豐","普通授權","新股","24/04/26","已完成"
"02499.hk","佛朗斯股份","17/04/26","6.02 / (2.27%)","4.17%","5.73 / (4.82%)","-","普通授權","新股","11/05/26","已完成"
"06162.hk","天瑞汽車內飾","17/04/26","0.138 / (17.4%)","20.0%","0.078 / (43.48%)","-","普通授權","新股","06/05/26","已完成"
"01201.hk","天臣控股","17/04/26","1.5 / (33.63%)","18.94%","2.12 / 41.33%","裕承資產管理","特別授權","新股","06/08/26","已完成"
"02312.hk","ＬＯＮＧ投資集團","17/04/26","0.728 / 15.56%","9.75%","0.385 / (47.12%)","-","普通授權","新股 - 代價發行","04/05/26","已完成"
"00476.hk","科軒動力控股","16/04/26","0.512 / 2.4%","1.21%","0.66 / 28.91%","-","普通授權","新股","24/04/26","已完成"
"02617.hk","藥捷安康－Ｂ","15/04/26","57.03 / (18.0%)","1.67%","10.25 / (82.03%)","麥格理","普通授權","新股","21/04/26","已完成"
"02616.hk","基石藥業－Ｂ","15/04/26","8.97 / (6.95%)","7.99%","5.535 / (38.29%)","高盛","普通授權","新股","22/04/26","已完成"
"01153.hk","佳源服務","15/04/26","0.25 / (5.66%)","9.89%","0.37 / 48.0%","寶時","普通授權","新股","24/04/26","已完成"
"02110.hk","天成控股","15/04/26","0.1 / (4.8%)","20.0%","0.059 / (41.0%)","鼎石","普通授權","新股","11/05/26","已完成"
"03330.hk","靈寶黃金","14/04/26","26.16 / (4.53%)","2.55%","21.58 / (17.51%)","海通國際, 招銀國際","普通授權","先舊後新","22/04/26","已完成"
"02473.hk","喜相逢集團","13/04/26","0.98 / (16.0%)","10.0%","0.445 / (54.59%)","華富建業","普通授權","先舊後新","21/04/26","已完成"
"01966.hk","中駿集團控股","13/04/26","1.6 / 2439.7%","40.2%","0.042 / (97.38%)","-","特別授權","新股","未公佈","配股中"
"09958.hk","力天影業","10/04/26","0.156 / (15.0%)","15.74%","0.144 / (7.69%)","凱基","普通授權","新股","22/04/26","已完成"
"02495.hk","聲通科技","10/04/26","46.3 / (11.5%)","5.71%","30.16 / (34.86%)","-","普通授權","新股","-","已取消"
"08403.hk","德豐宿來","10/04/26","2.4 / (19.46%)","9.87%","3.105 / 29.38%","遠源","普通授權","新股","30/04/26","已完成"
"08246.hk","中華燃氣","02/04/26","0.88 / 6.02%","4.22%","0.76 / (13.64%)","-","特別授權","新股 - 代價發行","未公佈","配股中"
"08007.hk","環球戰略集團","02/04/26","0.22 / (16.98%)","20.0%","0.485 / 120.45%","日發","普通授權","新股","21/04/26","已完成"
"02439.hk","中寶新材","01/04/26","0.228 / (20.0%)","20.0%","0.295 / 29.39%","寶新","普通授權","新股","22/04/26","已完成"
"00875.hk","從玉智農","01/04/26","0.45 / (11.8%)","28.0%","0.325 / (27.78%)","Funderstone","普通授權","新股","24/06/26","已完成"
"00110.hk","中國長遠","31/03/26","0.26 / 33.33%","9.86%","0.74 / 184.62%","-","普通授權","新股","05/06/26","已完成"
"02159.hk","麥迪衛康","30/03/26","1.86 / (7.0%)","23.21%","1.74 / (6.45%)","萬海","特別授權","新股","26/06/26","已完成"
"00164.hk","中國寶力科技","30/03/26","0.4 / (1.23%)","13.21%","0.465 / 16.25%","-","普通授權","新股","15/04/26","已完成"
"08299.hk","大唐黃金","30/03/26","0.5 / (1.96%)","7.98%","0.31 / (38.0%)","-","普通授權","新股 - 代價發行","29/06/26","已完成"
"08153.hk","嘉鼎國際集團","26/03/26","0.7 / (15.66%)","20.0%","0.7 / 0.0%","昌利","普通授權","新股","24/04/26","已完成"
"08431.hk","浩柏國際","25/03/26","0.38 / (5.0%)","4.0%","1.365 / 259.21%","昌利","普通授權","新股","21/04/26","已完成"
"08079.hk","曌生命","23/03/26","0.5 / 7.53%","17.74%","0.6 / 20.0%","-","普通授權","新股 - 代價發行","20/05/26","已完成"
"08511.hk","民富國際","23/03/26","0.66 / (18.52%)","20.0%","0.7 / 6.06%","粵商國際","普通授權","新股","30/04/26","已完成"
"06693.hk","赤峰黃金","22/03/26","29.82 / (29.3%)","56.8%","39.62 / 32.86%","-","特別授權","新股","未公佈","配股中"
"08245.hk","烽翼集團","20/03/26","0.083 / (17.82%)","16.67%","0.135 / 62.65%","未來金融","普通授權","新股","15/04/26","已完成"
"00876.hk","佳兆業健康","18/03/26","0.175 / (10.3%)","2.77%","1.9 / 985.71%","-","特別授權","新股 - 代價發行","未公佈","配股中"
"00264.hk","中聯發展控股","17/03/26","1.83 / (14.08%)","5.27%","1.885 / 3.01%","-","普通授權","新股","-","已取消"
"00653.hk","卓悅控股","17/03/26","0.07 / (19.54%)","4.81%","0.042 / (40.0%)","-","普通授權","新股","23/03/26","已完成"
"08406.hk","中國口腔產業","16/03/26","0.079 / 17.91%","19.99%","0.085 / 7.59%","-","普通授權","新股 - 代價發行","02/04/26","已完成"
"01020.hk","中細軟科技","15/03/26","0.26 / (18.75%)","0.75%","0.265 / 1.92%","中毅資本","普通授權","新股","30/03/26","已完成"
"01703.hk","誼和股份","15/03/26","0.064 / (12.3%)","20.0%","0.315 / 392.19%","宏智","普通授權","新股","13/04/26","已完成"
"08168.hk","寶積資本","13/03/26","0.114 / (16.8%)","19.37%","0.055 / (51.75%)","謝氏膺暉","普通授權","新股","30/03/26","已完成"
"01762.hk","萬咖壹聯","12/03/26","1.624 / (20.0%)","12.17%","1.01 / (37.81%)","-","普通授權","新股","24/03/26","已完成"
"02582.hk","國富氫能","11/03/26","31.07 / (12.28%)","5.08%","8.67 / (72.1%)","麥格理","普通授權","新股","18/03/26","已完成"
"00721.hk","中國金融國際","11/03/26","0.04 / (29.82%)","20.0%","0.103 / 157.5%","-","特別授權","新股","-","已取消"
"01676.hk","高地股份","11/03/26","0.23 / 4.55%","1.81%","0.213 / (7.39%)","凱基","普通授權","新股","27/03/26","已完成"
"00724.hk","瑞鑫國際集團","11/03/26","0.14 / 33.33%","291.16%","0.105 / (25.0%)","-","特別授權","新股","-","已取消"
"02533.hk","黑芝麻智能","10/03/26","18.88 / (2.13%)","4.99%","10.36 / (45.13%)","中國國際金融, 華泰","普通授權","新股","08/05/26","已完成"
"00648.hk","京玖康療","10/03/26","0.01 / (96.0%)","0.77%","0.575 / 5650.0%","-","特別授權","新股","01/04/26","已完成"
"08143.hk","金威醫療","10/03/26","0.086 / (14.85%)","20.0%","0.06 / (30.23%)","-","普通授權","新股","28/04/26","已完成"
"08223.hk","紫元元","09/03/26","0.5 / (9.09%)","20.0%","0.17 / (66.0%)","-","普通授權","新股","16/04/26","已完成"
"01468.hk","嘉高達資本","09/03/26","0.1 / 12.36%","20.0%","0.165 / 65.0%","京基","普通授權","新股","07/05/26","已完成"
"01372.hk","中國碳中和","06/03/26","1.0 / (11.5%)","5.93%","1.365 / 36.5%","-","普通授權","新股","-","已取消"
"00866.hk","中國秦發","05/03/26","3.51 / (10.0%)","3.55%","2.325 / (33.76%)","國泰君安, 天風國際","普通授權","先舊後新","13/03/26","已完成"
"00931.hk","中國港能","05/03/26","0.36 / 0.0%","9.71%","0.305 / (15.28%)","-","特別授權","新股","26/05/26","已完成"
"01613.hk","協同通信","05/03/26","0.108 / (20.0%)","186.61%","1.06 / 881.48%","裕承資產管理","特別授權","新股","29/06/26","已完成"
"08365.hk","亦辰集團","04/03/26","未決定 / N/A","19.62%","0.74 / N/A","-","普通授權","新股 - 代價發行","未公佈","配股中"
"01961.hk","多牛科技","04/03/26","0.35 / 14.75%","20.0%","0.099 / (71.71%)","鼎石","普通授權","新股","-","已取消"
"03321.hk","中科集團控股","03/03/26","0.039 / (15.22%)","20.0%","0.96 / 2361.54%","日發","普通授權","新股","20/03/26","已完成"
"01027.hk","亞洲策略科技","03/03/26","1.8 / (18.2%)","1.21%","3.0 / 66.67%","新確","普通授權","新股","26/03/26","已完成"
"08268.hk","智城發展控股","23/02/26","0.3 / (7.69%)","11.57%","0.197 / (34.33%)","致富","普通授權","新股","-","已取消"
"01228.hk","北海康成－Ｂ","16/02/26","2.38 / (14.7%)","16.44%","1.995 / (16.18%)","-","普通授權","新股","11/03/26","已完成"
"00815.hk","中國白銀集團","16/02/26","0.51 / (17.74%)","29.97%","0.27 / (47.06%)","-","特別授權","新股","05/05/26","已完成"
"03666.hk","上海小南國","16/02/26","0.028 / 16.7%","16.7%","0.024 / (14.29%)","中國中恒","普通授權","新股","-","已取消"
"01796.hk","中國數智科技","13/02/26","3.0 / (2.6%)","3.5%","0.59 / (80.33%)","-","普通授權","新股","-","已取消"
"00720.hk","意達利控股","13/02/26","0.3 / (11.76%)","0.82%","0.265 / (11.67%)","國泰君安","普通授權","新股","26/02/26","已完成"
"00167.hk","IDT INT'L","13/02/26","1.88 / (19.66%)","20.0%","6.3 / 235.11%","瑞邦","普通授權","新股","12/03/26","已完成"
"00948.hk","阿爾法企業","12/02/26","0.28 / (15.15%)","9.28%","0.25 / (10.71%)","-","普通授權","新股","未公佈","配股中"
"08106.hk","芯化蘭德","11/02/26","0.31 / 0.0%","21.05%","0.32 / 3.23%","-","普通授權","新股","11/03/26","已完成"
"01823.hk","華昱高速","11/02/26","0.88 / (19.27%)","14.18%","1.28 / 45.45%","第一上海","普通授權","新股","05/03/26","已完成"
"02515.hk","天津建發","11/02/26","0.68 / (15.0%)","20.0%","2.45 / 260.29%","眾宸","普通授權","新股","09/03/26","已完成"
"02271.hk","眾安智慧生活","10/02/26","1.52 / (16.02%)","10.0%","2.95 / 94.08%","智易東方","普通授權","新股","27/02/26","已完成"
"01729.hk","匯聚科技","10/02/26","15.22 / (14.97%)","5.45%","17.5 / 14.98%","麥格理","普通授權","新股","20/02/26","已完成"
"03928.hk","中國新零售供應鏈","10/02/26","8.88 / (19.42%)","3.33%","27.98 / 215.09%","邁時資產管理","普通授權","新股","25/02/26","已完成"
"00310.hk","嘉進投資國際","10/02/26","0.12 / (16.67%)","40.2%","0.112 / (6.67%)","-","特別授權","新股","未公佈","配股中"
"00653.hk","卓悅控股","06/02/26","0.105 / (17.32%)","6.46%","0.042 / (60.0%)","-","普通授權","新股","23/02/26","已完成"
"01030.hk","新城發展","05/02/26","2.39 / (14.95%)","2.8%","1.38 / (42.26%)","花旗, 中金公司, 華泰","普通授權","先舊後新","11/02/26","已完成"
"02448.hk","恆宇集團","05/02/26","0.30634 / (86.08%)","75.0%","0.09 / (70.62%)","-","特別授權","新股","未公佈","配股中"
"01575.hk","皇庭智家","05/02/26","0.05 / 0.0%","16.97%","0.032 / (36.0%)","力高","普通授權","新股","25/02/26","已完成"
"01262.hk","蠟筆小新食品","05/02/26","3.98 / (13.85%)","9.54%","3.7 / (7.04%)","-","普通授權","新股 - 代價發行","31/03/26","已完成"
"09696.hk","天齊鋰業","04/02/26","45.05 / (9.0%)","39.64%","37.72 / (16.27%)","高盛, 滙豐, 華泰金融","普通授權","新股","11/02/26","已完成"
"01726.hk","HKE HOLDINGS","04/02/26","1.2 / (6.98%)","9.28%","0.895 / (25.42%)","大聖","普通授權","新股","26/02/26","已完成"
"09600.hk","新紐科技","04/02/26","0.3 / 48.51%","6.36%","0.142 / (52.67%)","東興","普通授權","新股","11/02/26","已完成"
"01672.hk","歌禮製藥－Ｂ","03/02/26","12.18 / (4.0%)","6.98%","9.615 / (21.06%)","花旗","普通授權","新股","10/02/26","已完成"
"09678.hk","雲知聲","03/02/26","310.0 / (17.68%)","2.38%","79.6 / (74.32%)","國泰君安","普通授權","新股","09/02/26","已完成"
"01718.hk","宏基集團控股","03/02/26","0.25 / (12.28%)","20.0%","0.725 / 190.0%","盈寶","普通授權","新股","27/02/26","已完成"
"01396.hk","粵港灣智算","03/02/26","6.0 / (8.4%)","1.78%","10.78 / 79.67%","-","普通授權","新股","09/02/26","已完成"
"00673.hk","中國衛生集團","02/02/26","0.53 / (13.11%)","3.58%","0.305 / (42.45%)","-","普通授權","新股","26/02/26","已完成"
"01483.hk","網譽科技","30/01/26","0.88 / (18.52%)","10.82%","1.185 / 34.66%","-","普通授權","新股","26/02/26","已完成"
"00474.hk","信銘生命科技","30/01/26","0.12 / 0.0%","20.0%","0.153 / 27.5%","-","普通授權","新股 - 代價發行","03/03/26","已完成"
"01050.hk","嘉利國際","29/01/26","2.37 / (9.9%)","3.3%","1.965 / (17.09%)","星展亞洲","普通授權","先舊後新","11/02/26","已完成"
"00863.hk","ＯＳＬ集團","29/01/26","14.9 / (17.2%)","13.2%","11.52 / (22.68%)","摩根士丹利","普通授權","先舊後新","04/02/26","已完成"
"02629.hk","MIRXES-B","29/01/26","32.5 / (11.88%)","7.92%","12.41 / (61.82%)","中信, 建銀國際","普通授權","新股","05/02/26","已完成"
"02643.hk","曹操出行","28/01/26","32.46 / (8.97%)","2.11%","14.05 / (56.72%)","法國巴黎, 國泰君安","普通授權","新股","04/02/26","已完成"
"02250.hk","小黃鴨德盈","28/01/26","0.74 / (9.76%)","6.89%","0.35 / (52.7%)","華業","普通授權","新股","25/02/26","已完成"
"02276.hk","康耐特光學","27/01/26","52.0 / (11.1%)","5.63%","45.64 / (12.23%)","海通國際, 華泰國際","普通授權","新股","03/02/26","已完成"
"06086.hk","方舟健客","27/01/26","3.32 / (11.94%)","3.37%","0.78 / (76.51%)","國泰君安","普通授權","先舊後新","02/02/26","已完成"
"02459.hk","昇能集團","26/01/26","0.083 / (17.82%)","13.33%","0.76 / 815.66%","粵商國際, 佳富達","普通授權","新股","20/02/26","已完成"
"02187.hk","智欣集團控股","26/01/26","0.68 / (15.0%)","20.0%","0.45 / (33.82%)","-","普通授權","新股","20/03/26","已完成"
"00607.hk","豐盛控股","26/01/26","1.04 / (20.0%)","19.94%","0.345 / (66.83%)","-","普通授權","新股","31/07/26","已完成"
"03680.hk","瑞和數智","25/01/26","0.783 / (13.96%)","19.98%","2.325 / 196.93%","遠源","普通授權","新股","06/02/26","已完成"
"06681.hk","腦動極光－Ｂ","23/01/26","5.6 / (12.09%)","7.27%","1.47 / (73.75%)","國泰君安","普通授權","先舊後新","05/02/26","已完成"
"03306.hk","江南布衣","23/01/26","18.78 / (9.01%)","2.8%","19.65 / 4.63%","中國國際金融","普通授權","新股","30/01/26","已完成"
"01655.hk","OKURA HOLDINGS","23/01/26","0.143 / (15.88%)","13.38%","0.159 / 11.19%","雅利多","普通授權","新股","13/02/26","已完成"
"06939.hk","美佳音控股","23/01/26","0.61 / (18.7%)","20.0%","1.07 / 75.41%","-","普通授權","新股","16/07/26","已完成"
"03788.hk","罕王黃金","22/01/26","3.8 / (18.28%)","2.16%","3.365 / (11.45%)","麥格理, 中國國際金融","普通授權","新股","29/01/26","已完成"
"03788.hk","罕王黃金","22/01/26","3.8 / (18.28%)","7.96%","3.365 / (11.45%)","麥格理, 中國國際金融","普通授權","新股","29/01/26","已完成"
"02610.hk","南山鋁業國際","22/01/26","64.5 / (6.39%)","5.26%","26.26 / (59.29%)","華泰, 中國國際金融","普通授權","先舊後新","30/01/26","已完成"
"00139.hk","小魚盈通","22/01/26","0.16 / (8.57%)","20.0%","0.119 / (25.63%)","-","普通授權","新股","03/07/26","已完成"
"01520.hk","天機控股","21/01/26","0.85 / (8.6%)","6.3%","0.6 / (29.41%)","-","特別授權","新股","28/08/26","已完成"
"02865.hk","鈞達股份","21/01/26","22.0 / (1.08%)","29.45%","15.54 / (29.36%)","結好, 勝利, 百惠","普通授權","新股","02/02/26","已完成"
"08646.hk","中國宏光","21/01/26","0.15 / (16.73%)","10.44%","0.206 / 37.33%","-","普通授權","新股","23/04/26","已完成"
"00953.hk","邵氏兄弟控股","21/01/26","0.32 / (15.8%)","91.82%","0.18 / (43.75%)","-","特別授權","新股 - 代價發行","未公佈","配股中"
"01880.hk","中國中免","20/01/26","77.21 / (11.66%)","0.35%","48.24 / (37.52%)","-","普通授權","新股","19/03/26","已完成"
"03899.hk","中集安瑞科","20/01/26","9.79 / (7.73%)","3.92%","7.56 / (22.78%)","中信","普通授權","新股","27/01/26","已完成"
"00199.hk","德祥地產","20/01/26","1.14 / (19.72%)","1.14%","2.66 / 133.33%","-","普通授權","新股","04/03/26","已完成"
"00199.hk","德祥地產","20/01/26","1.14 / (19.72%)","12.9%","2.66 / 133.33%","-","特別授權","新股","-","已取消"
"01792.hk","CMON","19/01/26","0.8 / (16.67%)","20.0%","0.95 / 18.75%","華業","普通授權","新股","12/02/26","已完成"
"02570.hk","重塑能源","18/01/26","58.38 / (18.01%)","7.88%","14.61 / (74.97%)","麥格理資本","普通授權","新股","26/01/26","已完成"
"09858.hk","優然牧業","16/01/26","3.92 / (8.84%)","7.69%","4.025 / 2.68%","摩根大通, 中信","普通授權","先舊後新","26/01/26","已完成"
"09858.hk","優然牧業","16/01/26","3.92 / (8.84%)","7.69%","4.025 / 2.68%","摩根大通, 中信","特別授權","新股","29/06/26","已完成"
"09678.hk","雲知聲","16/01/26","252.0 / (16.0%)","1.87%","79.6 / (68.41%)","國泰君安","普通授權","新股","22/01/26","已完成"
"00616.hk","財富鏈","16/01/26","0.32 / 6.67%","6.62%","0.109 / (65.94%)","弘雅資本","普通授權","新股","26/01/26","已完成"
"00493.hk","國美零售","16/01/26","0.015 / 0.0%","52.43%","0.01 / (33.33%)","-","特別授權","新股","未公佈","配股中"
"00927.hk","富士高實業","16/01/26","0.54 / (15.63%)","20.0%","0.445 / (17.59%)","德林","普通授權","新股","30/01/26","已完成"
"00970.hk","新耀萊","16/01/26","0.38 / (13.64%)","20.0%","0.355 / (6.58%)","-","普通授權","新股","24/02/26","已完成"
"08631.hk","申港控股","16/01/26","0.39 / (17.0%)","20.0%","0.43 / 10.26%","華富建業","普通授權","新股","29/01/26","已完成"
"03759.hk","康龍化成","15/01/26","22.82 / (8.5%)","19.86%","27.96 / 22.52%","-","普通授權","新股","22/01/26","已完成"
"01519.hk","極兔速遞－Ｗ","15/01/26","10.1 / (13.97%)","9.15%","9.595 / (5.0%)","-","普通授權","新股 - 代價發行","09/06/26","已完成"
"02617.hk","藥捷安康－Ｂ","14/01/26","92.85 / (17.98%)","0.7%","10.25 / (88.96%)","中信","普通授權","新股","20/01/26","已完成"
"09958.hk","力天影業","14/01/26","0.2 / 0.0%","20.0%","0.144 / (28.0%)","凱基","普通授權","新股","04/02/26","已完成"
"01501.hk","瑛泰醫療","14/01/26","26.0 / (16.13%)","33.78%","35.26 / 35.62%","中國國際金融, 興證國際","普通授權","新股","22/01/26","已完成"
"01177.hk","中國生物製藥","13/01/26","6.66 / (3.62%)","20.0%","5.4 / (18.92%)","-","普通授權","新股 - 代價發行","30/03/26","已完成"
"00223.hk","易生活控股","12/01/26","0.102 / (17.07%)","20.0%","0.071 / (30.39%)","德林","普通授權","新股","29/04/26","已完成"
"00092.hk","冠軍科技集團","12/01/26","0.176 / (20.0%)","20.0%","0.191 / 8.52%","金利豐","普通授權","新股","未公佈","配股中"
"02495.hk","聲通科技","12/01/26","46.3 / (19.9%)","18.94%","30.16 / (34.86%)","-","普通授權","新股","27/04/26","已完成"
"01693.hk","璋利國際","12/01/26","2.2 / (2.22%)","9.12%","6.41 / 191.36%","雅利多","普通授權","新股","26/01/26","已完成"
"06922.hk","康灃生物－Ｂ","12/01/26","5.36 / (17.79%)","5.2%","3.005 / (43.94%)","-","普通授權","新股","30/01/26","已完成"
"01826.hk","豐展控股","12/01/26","0.152 / (19.9%)","20.0%","0.295 / 94.08%","國投","普通授權","新股","11/02/26","已完成"
"00092.hk","冠軍科技集團","12/01/26","0.177 / (19.55%)","20.0%","0.191 / 7.91%","金利豐","普通授權","新股","03/02/26","已完成"
"02533.hk","黑芝麻智能","09/01/26","18.88 / (13.24%)","4.7%","10.36 / (45.13%)","-","普通授權","新股","06/03/26","已完成"
"00451.hk","時代數字","08/01/26","1.033 / (19.92%)","12.0%","0.55 / (46.76%)","-","普通授權","新股","08/05/26","已完成"
"01372.hk","中國碳中和","08/01/26","1.5 / (4.46%)","4.98%","1.365 / (9.0%)","-","普通授權","新股","26/01/26","已完成"
"01776.hk","廣發証券","07/01/26","18.15 / (8.38%)","12.87%","18.28 / 0.72%","-","普通授權","新股","14/01/26","已完成"
"00264.hk","中聯發展控股","06/01/26","2.16 / (14.96%)","4.33%","1.885 / (12.73%)","-","普通授權","新股","27/01/26","已完成"
"01280.hk","奇點國峰","06/01/26","2.84 / (15.73%)","0.1023%","1.6 / (43.66%)","-","普通授權","新股","04/02/26","已完成"
"01421.hk","恒昌集團國際","06/01/26","0.34 / (19.05%)","20.0%","0.69 / 102.94%","宏智","普通授權","新股","28/01/26","已完成"
"01693.hk","璋利國際","06/01/26","2.35 / 14.63%","18.92%","6.41 / 172.77%","-","特別授權","新股","未公佈","配股中"
"00943.hk","中證國際","04/01/26","0.1828 / (1.2%)","19.9%","0.16 / (12.47%)","-","普通授權","新股 - 代價發行","15/06/26","已完成"
"02350.hk","數科集團","31/12/25","0.7 / (19.5%)","20.0%","0.7 / 0.0%","-","普通授權","新股 - 代價發行","未公佈","配股中"
"01693.hk","璋利國際","31/12/25","2.32 / (1.28%)","74.74%","6.41 / 176.29%","-","特別授權","新股","31/03/26","已完成"
"01002.hk","威鋮國際","30/12/25","0.12 / 135.29%","10.66%","0.051 / (57.5%)","-","普通授權","新股 - 代價發行","22/04/26","已完成"
"08489.hk","裕程物流","30/12/25","0.265 / (19.7%)","20.0%","0.175 / (33.96%)","-","普通授權","新股","06/03/26","已完成"
"02147.hk","正味集團","30/12/25","0.8 / (7.0%)","20.0%","0.7 / (12.5%)","中國北方","普通授權","新股","22/01/26","已完成"
"01825.hk","STERLING GP","29/12/25","0.1 / 7.5%","20.0%","8.15 / 8050.0%","紫荊融資","普通授權","新股","22/01/26","已完成"
"08375.hk","數盟資本","29/12/25","0.99 / (19.51%)","20.0%","0.85 / (14.14%)","雅利多","普通授權","新股","21/01/26","已完成"
"08191.hk","鴻偉亞洲","29/12/25","0.12 / (23.08%)","16.67%","0.155 / 29.17%","-","普通授權","新股","15/01/26","已完成"
"01736.hk","中國育兒網絡","29/12/25","0.432 / (13.6%)","10.71%","0.455 / 5.32%","-","普通授權","新股","19/01/26","已完成"
"08659.hk","易和國際控股","24/12/25","0.12 / (17.81%)","20.0%","0.124 / 3.33%","-","普通授權","新股","31/03/26","已完成"
"00353.hk","能源國際投資","24/12/25","0.245 / (18.33%)","95.78%","0.385 / 57.14%","-","特別授權","新股","13/04/26","已完成"
"00204.hk","資本界金控","24/12/25","0.183 / (2.14%)","20.0%","0.09 / (50.82%)","昌利, 伯克希爾資本","普通授權","新股","22/01/26","已完成"
"02422.hk","潤歌互動","23/12/25","0.435 / (19.44%)","10.67%","2.075 / 377.01%","盈寶","普通授權","新股","26/01/26","已完成"
"02221.hk","創業集團控股","23/12/25","1.0 / 6.38%","17.55%","0.55 / (45.0%)","-","普通授權","新股","06/02/26","已完成"
"02007.hk","碧桂園","22/12/25","0.4 / (12.09%)","0.48%","0.199 / (50.25%)","-","普通授權","新股","14/04/26","已完成"
"09677.hk","威海銀行","21/12/25","3.61 / 17.97%","15.25%","2.79 / (22.71%)","華泰國際","特別授權","新股","23/06/26","已完成"
"02012.hk","陽光油砂","21/12/25","0.36 / (17.81%)","20.0%","0.212 / (41.11%)","滿好","特別授權","新股","未公佈","配股中"
"00340.hk","潼關黃金","19/12/25","2.6 / (5.5%)","2.12%","3.25 / 25.0%","-","普通授權","新股 - 代價發行","09/01/26","已完成"
"00020.hk","商湯－Ｗ","18/12/25","1.8 / (8.63%)","4.6%","1.415 / (21.39%)","國泰君安, 招銀國際","普通授權","新股","29/12/25","已完成"
"00990.hk","至源控股","18/12/25","0.69 / (1.4%)","3.6%","0.54 / (21.74%)","-","普通授權","新股","13/02/26","已完成"
"00080.hk","ＣＡＩ控股","17/12/25","0.36 / (5.26%)","10.04%","0.265 / (26.39%)","-","特別授權","新股 - 代價發行","16/02/26","已完成"
"00764.hk","永恒策略","17/12/25","1.0 / 0.0%","5.22%","0.25 / (75.0%)","大灣區深港","普通授權","新股","13/01/26","已完成"
"09963.hk","高科橋光導","17/12/25","0.476 / (11.85%)","20.0%","10.4 / 2084.87%","創陞, 民銀, 華安, 誠港金融","普通授權","新股","06/01/26","已完成"
"02402.hk","億華通","16/12/25","22.68 / (14.99%)","3.83%","12.49 / (44.93%)","國泰君安","普通授權","新股","23/12/25","已完成"
"00616.hk","財富鏈","16/12/25","0.3 / (10.45%)","4.03%","0.109 / (63.67%)","弘雅資本","普通授權","新股","30/12/25","已完成"
"02565.hk","派格生物醫藥－Ｂ","14/12/25","58.41 / (10.0%)","1.84%","5.515 / (90.56%)","中信里昂, 農銀國際, 黃河, 利弗莫爾","普通授權","新股","22/12/25","已完成"
"02399.hk","中國安儲能源","12/12/25","0.55 / (19.12%)","17.21%","0.31 / (43.64%)","-","普通授權","新股","06/01/26","已完成"
"01751.hk","智算能建","12/12/25","1.481 / (19.95%)","20.0%","0.735 / (50.37%)","阿仕特朗資本","普通授權","新股","02/01/26","已完成"
"06869.hk","長飛光纖光纜","10/12/25","32.26 / (9.79%)","19.91%","166.2 / 415.19%","中金","普通授權","新股","17/12/25","已完成"
"08547.hk","PACIFIC LEGEND","10/12/25","0.118 / (4.07%)","20.0%","0.089 / (24.58%)","弘雅資本","普通授權","新股","19/12/25","已完成"
"01239.hk","TEAMWAY INTL GP","10/12/25","0.341 / 8.25%","10.0%","0.3 / (12.02%)","-","普通授權","新股","08/01/26","已完成"
"08196.hk","福田股份","10/12/25","0.6 / (9.09%)","20.0%","0.835 / 39.17%","凱基","普通授權","新股","31/12/25","已完成"
"01676.hk","高地股份","09/12/25","0.52 / (14.75%)","20.0%","0.213 / (59.04%)","金益金融","普通授權","新股","30/12/25","已完成"
"01870.hk","綠色電能集團","09/12/25","0.55 / 0.0%","3.04%","0.18 / (67.27%)","華盛資本","普通授權","新股","19/12/25","已完成"
"00616.hk","財富鏈","09/12/25","0.3 / (10.45%)","1.2%","0.109 / (63.67%)","弘雅資本","普通授權","新股","17/12/25","已完成"
"08460.hk","基地錦標集團","09/12/25","0.437 / (19.07%)","20.0%","0.415 / (5.03%)","國農","普通授權","新股","30/12/25","已完成"
"01709.hk","德林控股","07/12/25","3.05 / 33.77%","0.893%","0.995 / (67.38%)","-","普通授權","新股 - 代價發行","13/01/26","已完成"
"06108.hk","新銳醫藥","05/12/25","0.225 / (8.16%)","20.0%","0.236 / 4.89%","昌利","普通授權","新股","23/12/25","已完成"
"03313.hk","雅高控股","05/12/25","0.106 / (19.7%)","20.0%","0.715 / 574.53%","京基","普通授權","新股","24/12/25","已完成"
"00485.hk","中國華星","05/12/25","0.3 / (6.25%)","19.73%","0.38 / 26.67%","-","普通授權","新股","23/12/25","已完成"
"08510.hk","TOPSTANDARDCORP","05/12/25","0.1 / (15.25%)","20.0%","0.186 / 86.0%","-","普通授權","新股","未公佈","配股中"
"01725.hk","中國技術集團","05/12/25","0.56 / (20.0%)","26.64%","0.29 / (48.21%)","鼎石","特別授權","新股","23/03/26","已完成"
"00108.hk","春雨醫療","05/12/25","1.6 / (59.8%)","4.57%","1.7 / 6.25%","-","特別授權","新股 - 代價發行","未公佈","配股中"
"01396.hk","粵港灣智算","04/12/25","5.5 / (3.51%)","3.04%","10.78 / 96.0%","-","普通授權","新股","12/12/25","已完成"
"01079.hk","松景科技","04/12/25","0.3 / (9.09%)","7.54%","0.215 / (28.33%)","結好","普通授權","新股","22/12/25","已完成"
"08427.hk","萬順瑞強集團","03/12/25","19.93 / (14.61%)","1.32%","3.68 / (81.54%)","-","普通授權","新股","11/12/25","已完成"
"01166.hk","星凱控股","03/12/25","0.37 / 8.82%","20.0%","0.172 / (53.51%)","雅利多","普通授權","新股","22/12/25","已完成"
"00318.hk","黃河實業","03/12/25","0.475 / (13.6%)","6.4%","0.89 / 87.37%","-","普通授權","新股 - 代價發行","24/12/25","已完成"
"06908.hk","宏光半導體","02/12/25","0.5 / 0.0%","15.63%","0.355 / (29.0%)","-","特別授權","新股 - 代價發行","29/01/26","已完成"
"01530.hk","三生製藥","02/12/25","29.62 / (6.5%)","4.32%","16.09 / (45.68%)","-","普通授權","新股","09/12/25","已完成"
"00682.hk","超大現代","01/12/25","0.225 / (15.09%)","20.0%","0.215 / (4.44%)","宏智","普通授權","新股","19/12/25","已完成"
"01341.hk","昊天國際建投","01/12/25","0.118 / 0.85%","2.3%","0.016 / (86.44%)","梧桐","普通授權","新股","10/12/25","已完成"
"08292.hk","VSING","01/12/25","0.4 / (8.05%)","13.91%","0.146 / (63.5%)","中毅資本","普通授權","新股","-","已取消"
"06616.hk","環球新材國際","30/11/25","8.01 / 0.0%","0.77%","9.92 / 23.85%","-","特別授權","新股 - 代價發行","20/01/26","已完成"
"01142.hk","能源及能量環球","28/11/25","0.34 / 1.49%","10.83%","0.091 / (73.24%)","滙富","普通授權","新股","-","已取消"
"00475.hk","中發展控股","28/11/25","0.4 / (3.61%)","21.23%","0.285 / (28.75%)","-","特別授權","新股","未公佈","配股中"
"01201.hk","天臣控股","27/11/25","0.5 / (35.9%)","15.64%","2.12 / 324.0%","-","特別授權","新股","12/01/26","已完成"
"02431.hk","佑駕創新","26/11/25","14.88 / (9.98%)","3.45%","3.63 / (75.6%)","國泰海通, 國泰君安, 軟庫中華, 中信","普通授權","新股","02/12/25","已完成"
"09880.hk","優必選","25/11/25","98.8 / (11.39%)","6.67%","83.9 / (15.08%)","國泰君安, 中信里昂, TradeGo","普通授權","新股","02/12/25","已完成"
"00199.hk","德祥地產","25/11/25","0.7 / (16.67%)","11.11%","2.66 / 280.0%","-","普通授權","新股","22/12/25","已完成"
"02582.hk","國富氫能","25/11/25","41.166 / (10.0%)","5.4%","8.67 / (78.94%)","大灣區深港","普通授權","新股","02/12/25","已完成"
"08275.hk","中國新消費集團","24/11/25","0.1 / (4.76%)","17.65%","0.095 / (5.0%)","軟庫中華","普通授權","新股","11/12/25","已完成"
"01782.hk","國際商業數字技術","20/11/25","3.6 / (8.86%)","3.627%","2.495 / (30.69%)","德林","普通授權","新股","08/12/25","已完成"
"08178.hk","中國信息科技","19/11/25","0.28 / (15.15%)","13.9%","0.191 / (31.79%)","寶新","普通授權","新股","05/12/25","已完成"
"08603.hk","亮晴控股","19/11/25","2.61 / (17.92%)","2.37%","14.3 / 447.89%","-","普通授權","新股","05/12/25","已完成"
"01815.hk","珠峰黃金","19/11/25","1.61 / (18.77%)","19.99%","2.03 / 26.09%","-","普通授權","新股","31/12/25","已完成"
"01747.hk","HOME CONTROL","18/11/25","3.8 / (18.98%)","5.61%","3.56 / (6.32%)","麥格理","普通授權","新股","25/11/25","已完成"
"01378.hk","中國宏橋","18/11/25","29.2 / (9.6%)","4.2%","22.58 / (22.67%)","瑞士銀行, 招銀國際, 中信建投","普通授權","先舊後新","25/11/25","已完成"
"08547.hk","PACIFIC LEGEND","18/11/25","0.17 / (13.27%)","4.17%","0.089 / (47.65%)","-","普通授權","新股","25/11/25","已完成"
"06928.hk","萬馬控股","18/11/25","0.1748 / (16.8%)","13.33%","0.17 / (2.75%)","-","普通授權","新股","10/04/26","已完成"
"02339.hk","京西國際","17/11/25","0.704 / (34.21%)","35.0%","4.47 / 534.94%","-","特別授權","新股","09/02/26","已完成"
"02322.hk","新質數字","17/11/25","0.1 / (16.67%)","7.28%","0.062 / (38.0%)","潮商, 昌利, 瑞森港通","普通授權","新股","未公佈","配股中"
"00640.hk","星謙發展","17/11/25","2.335 / (11.22%)","12.46%","2.34 / 0.21%","-","普通授權","新股","02/12/25","已完成"
"01333.hk","博雷頓","16/11/25","25.08 / (14.98%)","4.15%","11.76 / (53.11%)","國泰君安, TradeGo Markets","普通授權","新股","24/11/25","已完成"
"00596.hk","浪潮數字企業","16/11/25","7.3 / (6.77%)","5.87%","2.26 / (69.04%)","興證國際","普通授權","新股","26/11/25","已完成"
"08547.hk","PACIFIC LEGEND","14/11/25","0.17 / (15.0%)","15.83%","0.089 / (47.65%)","-","普通授權","新股","25/11/25","已完成"
"02440.hk","迷策略","14/11/25","1.714 / (18.38%)","13.33%","0.89 / (48.07%)","-","普通授權","新股","19/12/25","已完成"
"06683.hk","巨星傳奇","13/11/25","7.2 / (19.91%)","8.36%","3.985 / (44.65%)","國泰君安, 民銀","普通授權","先舊後新","27/11/25","已完成"
"02516.hk","泛遠國際","12/11/25","0.455 / (10.78%)","20.0%","0.73 / 60.44%","德林","普通授權","新股","20/11/25","已完成"
"09939.hk","開拓藥業－Ｂ","12/11/25","1.64 / (15.03%)","6.51%","1.7 / 3.66%","-","普通授權","新股","21/11/25","已完成"
"00948.hk","阿爾法企業","12/11/25","0.24 / (7.7%)","8.02%","0.25 / 4.17%","-","普通授權","先舊後新","14/11/25","已完成"
"08017.hk","捷利交易寶","11/11/25","1.33 / (14.19%)","10.29%","1.2 / (9.77%)","國泰君安","普通授權","新股","19/11/25","已完成"
"01003.hk","歡喜傳媒","11/11/25","0.3 / (22.08%)","15.0%","0.199 / (33.67%)","-","特別授權","新股","21/04/26","已完成"
"02625.hk","江蘇宏信","11/11/25","2.9 / (13.95%)","10.0%","2.0 / (31.03%)","勝利","普通授權","新股","02/12/25","已完成"
"08321.hk","泰錦控股","10/11/25","0.2 / (24.53%)","64.94%","1.75 / 775.0%","建泉融資","特別授權","新股","未公佈","配股中"
"00476.hk","科軒動力控股","10/11/25","0.78 / (14.29%)","8.75%","0.66 / (15.38%)","-","普通授權","新股","01/12/25","已完成"
"01413.hk","鑄帝控股","10/11/25","0.083 / (7.78%)","17.14%","0.211 / 154.22%","昌利","普通授權","新股","01/12/25","已完成"
"01920.hk","巨美集團","10/11/25","0.3965 / 4.34%","30.0%","0.425 / 7.19%","-","特別授權","新股","14/04/26","已完成"
"01655.hk","OKURA HOLDINGS","07/11/25","0.18 / 14.65%","20.0%","0.159 / (11.67%)","盈立","普通授權","新股","12/12/25","已完成"
"02432.hk","越疆","06/11/25","46.8 / (10.3%)","3.94%","23.26 / (50.3%)","瑞士銀行","普通授權","新股","13/11/25","已完成"
"00419.hk","弘毅文化集團","06/11/25","0.039 / (2.5%)","4.7%","0.55 / 1310.26%","-","普通授權","新股","17/11/25","已完成"
"02503.hk","中深建業","06/11/25","0.53 / (7.02%)","54.36%","0.25 / (52.83%)","-","特別授權","新股","15/01/26","已完成"
"00464.hk","中國智能科技","06/11/25","0.9 / (19.64%)","18.32%","0.705 / (21.67%)","-","普通授權","新股","27/11/25","已完成"
"08391.hk","基石科技控股","06/11/25","0.57 / (14.93%)","1.95%","0.3 / (47.37%)","-","普通授權","新股","18/11/25","已完成"
"02175.hk","中國通才教育","06/11/25","3.75 / 0.0%","12.64%","2.385 / (36.4%)","-","普通授權","新股 - 代價發行","未公佈","配股中"
"01130.hk","中國環境資源","04/11/25","0.468 / (2.5%)","13.11%","0.58 / 23.93%","金利豐","普通授權","新股","02/12/25","已完成"
"08365.hk","亦辰集團","04/11/25","1.65 / (11.29%)","10.51%","0.74 / (55.15%)","建泉融資","普通授權","新股","16/12/25","已完成"
"03395.hk","吉星新能源","03/11/25","0.3 / (1.64%)","34.65%","0.194 / (35.33%)","-","特別授權","新股","未公佈","配股中"
"00666.hk","瑞浦蘭鈞","31/10/25","13.35 / (11.65%)","6.86%","10.2 / (23.6%)","中國銀河, 華泰金融, 德意志, 麥格理資本","普通授權","新股","07/11/25","已完成"
"03395.hk","吉星新能源","31/10/25","0.279 / (7.0%)","0.33%","0.194 / (30.47%)","-","普通授權","新股","-","已取消"
"00544.hk","大同集團","31/10/25","2.0 / (2.44%)","28.72%","0.91 / (54.5%)","-","特別授權","新股","31/12/25","已完成"
"01028.hk","千百度","30/10/25","0.205 / (16.67%)","20.0%","1.175 / 473.17%","-","普通授權","新股","11/12/25","已完成"
"01140.hk","華科智能投資","30/10/25","0.23 / (2.95%)","10.81%","0.105 / (54.35%)","-","普通授權","新股","20/11/25","已完成"
"08460.hk","基地錦標集團","28/10/25","0.14 / (69.89%)","20.0%","0.415 / 196.43%","-","普通授權","新股","-","已取消"
"02371.hk","創聯控股","24/10/25","0.38 / 8.57%","14.03%","0.199 / (47.63%)","-","特別授權","新股","20/01/26","已完成"
"03919.hk","金力集團","24/10/25","1.0 / (13.0%)","20.0%","0.51 / (49.0%)","-","普通授權","新股","-","已取消"
"06181.hk","老鋪黃金","22/10/25","732.49 / (4.5%)","2.66%","384.2 / (47.55%)","摩根士丹利, 高盛","普通授權","新股","30/10/25","已完成"
"01801.hk","信達生物","22/10/25","112.56 / 29.53%","0.4%","102.3 / (9.12%)","-","普通授權","新股","05/12/25","已完成"
"02012.hk","陽光油砂","22/10/25","0.43 / 0.0%","24.5%","0.212 / (50.7%)","-","特別授權","新股","未公佈","配股中"
"01709.hk","德林控股","21/10/25","3.05 / (11.34%)","15.15%","0.995 / (67.38%)","國泰君安, 德林","普通授權","先舊後新","03/11/25","已完成"
"01709.hk","德林控股","21/10/25","3.05 / (11.34%)","3.79%","0.995 / (67.38%)","國泰君安, 德林","普通授權","新股","10/11/25","已完成"
"01822.hk","中木國際","21/10/25","0.1 / (9.91%)","19.99%","0.112 / 12.0%","昌利","普通授權","新股","13/11/25","已完成"
"08623.hk","中國蜀塔","21/10/25","0.105 / (18.6%)","19.84%","0.135 / 28.57%","帝國國際","普通授權","新股","07/11/25","已完成"
"08482.hk","萬勵達","21/10/25","0.103 / (16.26%)","20.0%","0.131 / 27.18%","鼎石","普通授權","新股","10/11/25","已完成"
"08510.hk","TOPSTANDARDCORP","21/10/25","0.1 / 0.0%","20.0%","0.186 / 86.0%","-","普通授權","新股","-","已取消"
"08246.hk","中華燃氣","20/10/25","0.098 / 8.89%","3.05%","0.76 / 675.51%","-","特別授權","新股","未公佈","配股中"
"01792.hk","CMON","18/10/25","0.018 / (14.29%)","20.0%","0.95 / 5177.78%","-","普通授權","新股","-","已取消"
"02330.hk","中國上城","17/10/25","0.18 / (7.69%)","20.0%","0.236 / 31.11%","元庫","普通授權","新股","28/10/25","已完成"
"03677.hk","正力新能","17/10/25","10.98 / (7.89%)","1.83%","5.12 / (53.37%)","中信","普通授權","新股","24/10/25","已完成"
"01783.hk","晉景新能","17/10/25","3.1 / 1.31%","1.78%","4.7 / 51.61%","-","普通授權","新股","未公佈","配股中"
"02582.hk","國富氫能","16/10/25","48.47 / (17.0%)","2.87%","8.67 / (82.11%)","麥格理","普通授權","新股","23/10/25","已完成"
"02373.hk","美麗田園醫療健康","15/10/25","28.71 / (19.67%)","6.7%","19.24 / (32.99%)","-","特別授權","新股 - 代價發行","07/01/26","已完成"
"01769.hk","思考樂教育","15/10/25","2.2 / (13.04%)","19.47%","0.9 / (59.09%)","-","普通授權","新股","24/10/25","已完成"
"08238.hk","玖方數智","15/10/25","0.34 / (20.0%)","20.0%","0.135 / (60.29%)","宏智","普通授權","新股","-","已取消"
"03395.hk","吉星新能源","13/10/25","0.31 / (7.46%)","1.84%","0.194 / (37.42%)","-","普通授權","新股","未公佈","配股中"
"02577.hk","英諾賽科","10/10/25","75.58 / (7.88%)","4.1%","43.82 / (42.02%)","中信里昂, 海通國際","普通授權","新股","17/10/25","已完成"
"02216.hk","堃博醫療－Ｂ","10/10/25","3.11 / 1.3%","19.9%","0.655 / (78.94%)","-","普通授權","新股","26/05/26","已完成"
"02110.hk","天成控股","10/10/25","0.1 / (13.79%)","20.0%","0.059 / (41.0%)","鼎石","普通授權","新股","21/11/25","已完成"
"01541.hk","宜明昂科－Ｂ","09/10/25","14.5 / (12.97%)","5.94%","3.775 / (73.97%)","瑞士銀行","普通授權","新股","16/10/25","已完成"
"00197.hk","亨泰","08/10/25","0.476 / (17.93%)","17.14%","0.49 / 2.94%","百惠","普通授權","先舊後新","17/10/25","已完成"
"02312.hk","ＬＯＮＧ投資集團","06/10/25","1.25 / (2.34%)","20.0%","0.385 / (69.2%)","-","普通授權","新股","22/10/25","已完成"
"08246.hk","中華燃氣","05/10/25","0.075 / 1.35%","7.83%","0.76 / 913.33%","-","普通授權","新股","17/10/25","已完成"
"00810.hk","中國鑄晨８１","03/10/25","0.112 / (17.04%)","20.0%","0.092 / (17.86%)","金利豐","普通授權","新股","27/10/25","已完成"
"08159.hk","新華聯合投資","02/10/25","0.08 / (13.04%)","20.0%","0.034 / (57.5%)","-","普通授權","新股","02/02/26","已完成"
"00776.hk","帝國科技集團","02/10/25","0.845 / (19.52%)","20.0%","0.249 / (70.53%)","富強","普通授權","新股","28/10/25","已完成"
"08391.hk","基石科技控股","02/10/25","0.57 / (18.57%)","12.89%","0.3 / (47.37%)","建泉融資","普通授權","新股","12/11/25","已完成"
"00804.hk","鼎石資本","01/10/25","2.86 / 0.0%","22.96%","15.48 / 441.26%","-","特別授權","新股 - 代價發行","未公佈","配股中"
"01119.hk","創夢天地","30/09/25","1.098 / 4.57%","13.09%","0.44 / (59.93%)","-","普通授權","新股","24/10/25","已完成"
"01939.hk","上善黃金","30/09/25","7.71 / (7.78%)","2.38%","0.415 / (94.62%)","東吳","普通授權","新股","06/11/25","已完成"
"00264.hk","中聯發展控股","30/09/25","1.75 / (16.27%)","3.36%","1.885 / 7.71%","-","普通授權","新股","27/10/25","已完成"
"01283.hk","高陞集團控股","30/09/25","1.4 / 1.4%","1.85%","1.55 / 10.71%","-","普通授權","新股 - 代價發行","07/11/25","已完成"
"02340.hk","昇柏控股","30/09/25","0.137 / (16.46%)","20.0%","0.137 / 0.0%","金利豐","普通授權","新股","21/10/25","已完成"
"02250.hk","小黃鴨德盈","30/09/25","1.13 / (11.02%)","7.24%","0.35 / (69.03%)","華業","普通授權","先舊後新","-","已取消"
"08160.hk","GOLDWAY EDU","30/09/25","0.27 / (19.4%)","39.92%","0.57 / 111.11%","-","特別授權","新股 - 代價發行","03/02/26","已完成"
"01466.hk","佰金生命科學","29/09/25","0.48 / (14.29%)","5.18%","0.83 / 72.92%","-","普通授權","新股","28/11/25","已完成"
"02160.hk","微創心通－Ｂ","29/09/25","1.35 / 2.27%","164.0%","1.3 / (3.7%)","-","特別授權","新股","未公佈","配股中"
