"代號","名稱","公佈日","供股價 /溢價(折讓)","比例","現價 /溢價(折讓)","合/拆/紅股","包銷商","除權日","供股權開始","供股權結束","最後付款","公佈結果","派送日","狀態"
"09958.hk","力天影業","27/08/26","0.095 /(22.13%)","=""1:4""","0.144 /51.58%","-","-","14/10/26","28/10/26","04/11/26","09/11/26","02/12/26","04/12/26","待除權"
"00370.hk","港仔機器人","27/08/26","0.21 /(22.2%)","=""2:1""","0.27 /28.57%","-","RaffAello Securities (HK) Limited","04/09/26","17/09/26","24/09/26","29/09/26","06/10/26","08/10/26","待除權"
"01751.hk","智算能建","17/08/26","0.65 /(7.8%)","=""5:2""","0.735 /13.08%","-","-","25/08/26","07/09/26","14/09/26","17/09/26","06/10/26","08/10/26","已除權"
"08179.hk","百利達集團控股","14/08/26","0.25 /(50.0%)","=""2:1""","0.01 /*(96.0%)","50合1","-","05/10/26","16/10/26","26/10/26","29/10/26","17/11/26","19/11/26","待除權"
"08193.hk","亞太金融投資","14/08/26","0.1 /20.5%","=""1:2""","0.106 /6.0%","-","-","13/10/26","27/10/26","03/11/26","06/11/26","01/12/26","03/12/26","待除權"
"00948.hk","阿爾法企業","12/08/26","0.2 /(19.68%)","=""1:1""","0.25 /25.0%","-","-","13/10/26","27/10/26","03/11/26","06/11/26","13/11/26","17/11/26","待除權"
"02147.hk","正味集團","03/08/26","0.4 /(28.57%)","=""1:6""","0.7 /75.0%","-","-","09/09/26","22/09/26","29/09/26","05/10/26","03/11/26","05/11/26","待除權"
"08366.hk","浙江聯合投資","29/07/26","0.36 /(14.29%)","=""1:1""","0.021 /*(94.17%)","20合1","英皇證券 (控股股東)","26/10/26","06/11/26","13/11/26","18/11/26","04/12/26","08/12/26","待除權"
"01703.hk","誼和股份","29/07/26","0.5 /(48.98%)","=""1:1""","0.315 /(37.0%)","-","-","30/09/26","14/10/26","22/10/26","27/10/26","23/11/26","25/11/26","待除權"
"01536.hk","煜榮集團","24/07/26","0.1 /(27.01%)","=""1:3""","0.4 /300.0%","-","-","16/09/26","29/09/26","07/10/26","12/10/26","30/10/26","03/11/26","待除權"
"00928.hk","帝王國際投資","23/07/26","0.5 /(31.51%)","=""1:2""","0.129 /*(74.2%)","10合1","-","02/10/26","15/10/26","23/10/26","28/10/26","17/11/26","19/11/26","待除權"
"02211.hk","大健康國際","17/07/26","0.4 /(4.76%)","=""1:4""","0.625 /56.25%","-","-","24/09/26","07/10/26","14/10/26","20/10/26","03/11/26","05/11/26","待除權"
"01079.hk","松景科技","16/07/26","0.15 /(41.18%)","=""2:1""","0.215 /43.33%","-","-","12/08/26","27/08/26","03/09/26","08/09/26","14/09/26","16/09/26","已除權"
"06610.hk","飛天雲動","15/07/26","0.6 /(24.05%)","=""1:4""","0.95 /58.33%","-","-","09/10/26","23/10/26","30/10/26","04/11/26","26/11/26","30/11/26","待除權"
"00730.hk","首惠產業金融","14/07/26","6.25 /0.81%","=""1:1""","0.118 /*(98.11%)","50合1","-","28/09/26","12/10/26","20/10/26","23/10/26","04/11/26","06/11/26","待除權"
"08027.hk","吉輝控股","13/07/26","0.1 /(13.8%)","=""1:2""","0.122 /22.0%","-","-","25/08/26","07/09/26","14/09/26","17/09/26","13/10/26","15/10/26","已除權"
"08121.hk","國恩控股","10/07/26","0.36 /(24.21%)","=""1:4""","0.39 /8.33%","-","-","17/08/26","28/08/26","04/09/26","09/09/26","25/09/26","29/09/26","已除權"
"08291.hk","港娛國際","09/07/26","0.2 /(4.76%)","=""1:3""","0.248 /24.0%","-","-","04/09/26","17/09/26","24/09/26","29/09/26","16/10/26","21/10/26","待除權"
"01355.hk","生物系統工程","24/06/26","0.068 /(51.43%)","=""2:1""","0.153 /125.0%","-","駿達","24/07/26","06/08/26","13/08/26","18/08/26","07/09/26","09/09/26","已除權"
"00776.hk","帝國科技集團","23/06/26","0.19 /(66.67%)","=""2:1""","0.249 /31.05%","-","-","06/07/26","31/07/26","07/08/26","12/08/26","01/09/26","03/09/26","已除權"
"01792.hk","CMON","18/06/26","0.81 /(14.74%)","=""1:3""","0.95 /17.28%","-","-","31/07/26","13/08/26","20/08/26","25/08/26","15/09/26","17/09/26","已除權"
"01822.hk","中木國際","18/06/26","0.077 /(43.8%)","=""1:1""","0.112 /45.45%","-","-","05/08/26","18/08/26","25/08/26","28/08/26","14/09/26","16/09/26","已除權"
"00073.hk","亞洲果業","15/06/26","1.38 /(28.13%)","=""1:3""","1.84 /33.33%","-","-","10/08/26","21/08/26","28/08/26","02/09/26","21/09/26","23/09/26","已除權"
"01140.hk","華科智能投資","11/06/26","0.11 /(18.5%)","=""2:1""","0.105 /(4.55%)","-","-","08/07/26","21/07/26","28/07/26","31/07/26","19/08/26","21/08/26","供股取消"
"01676.hk","高地股份","05/06/26","0.19 /(12.44%)","=""2:1""","0.213 /12.11%","-","-","15/06/26","29/06/26","07/07/26","10/07/26","03/08/26","05/08/26","供股完成"
"01826.hk","豐展控股","29/05/26","0.1 /(20.6%)","=""2:1""","0.295 /195.0%","-","-","25/06/26","09/07/26","16/07/26","21/07/26","19/08/26","21/08/26","供股完成"
"01104.hk","亞太資源","28/05/26","1.45 /(33.49%)","=""2:1""","1.82 /25.52%","-","結好, 萬基","09/06/26","23/06/26","30/06/26","06/07/26","13/07/26","15/07/26","供股取消"
"00913.hk","港灣數字","26/05/26","0.14 /(19.1%)","=""2:3""","0.176 /25.71%","-","-","07/09/26","18/09/26","25/09/26","30/09/26","29/10/26","02/11/26","待除權"
"01942.hk","馬可數字科技","21/05/26","0.065 /(54.55%)","=""2:1""","0.076 /16.92%","-","-","30/06/26","30/07/26","06/08/26","11/08/26","02/09/26","04/09/26","已除權"
"08113.hk","時騰科技","13/05/26","0.45 /1.12%","=""2:1""","0.495 /10.0%","-","-","15/06/26","29/06/26","07/07/26","10/07/26","17/07/26","21/07/26","供股完成"
"02350.hk","數科集團","12/05/26","0.275 /(64.29%)","=""5:2""","0.7 /154.55%","-","-","15/06/26","29/06/26","07/07/26","10/07/26","23/07/26","27/07/26","供股完成"
"00256.hk","冠城鐘錶珠寶","05/05/26","0.1 /31.6%","=""3:1""","0.09 /(10.0%)","-","-","20/05/26","29/06/26","07/07/26","10/07/26","28/07/26","30/07/26","供股完成"
"00397.hk","嬴集團","29/04/26","0.038 /(19.1%)","=""2:1""","0.039 /2.63%","-","-","27/05/26","09/06/26","16/06/26","22/06/26","29/07/26","31/07/26","供股完成"
"08096.hk","賞之味","27/04/26","0.1 /(16.7%)","=""2:3""","0.114 /14.0%","-","-","16/06/26","30/06/26","08/07/26","13/07/26","05/08/26","07/08/26","供股完成"
"08178.hk","中國信息科技","21/04/26","0.18 /(24.4%)","=""2:1""","0.191 /6.11%","-","-","01/06/26","15/06/26","23/06/26","26/06/26","30/07/26","03/08/26","供股完成"
"08191.hk","鴻偉亞洲","17/04/26","0.13 /(16.13%)","=""1:4""","0.155 /19.23%","-","-","28/05/26","10/06/26","17/06/26","23/06/26","17/07/26","21/07/26","供股完成"
"00574.hk","百信國際","16/04/26","0.01356 /(72.88%)","=""2:1""","0.018 /32.74%","-","-","23/04/26","13/05/26","20/05/26","26/05/26","17/06/26","22/06/26","供股完成"
"01413.hk","鑄帝控股","14/04/26","0.214 /(28.67%)","=""2:1""","0.211 /(1.4%)","-","-","20/04/26","12/05/26","19/05/26","22/05/26","09/06/26","11/06/26","供股取消"
"01069.hk","中國健康科技集團","27/03/26","0.25 /(20.63%)","=""1:2""","0.285 /14.0%","-","-","14/05/26","28/05/26","04/06/26","09/06/26","16/06/26","18/06/26","供股完成"
"02503.hk","中深建業","26/03/26","0.15 /(33.63%)","=""1:2""","0.25 /66.67%","-","-","20/05/26","04/06/26","11/06/26","16/06/26","02/07/26","06/07/26","供股完成"
"00328.hk","ALCO HOLDINGS","25/03/26","0.55 /(20.3%)","=""1:4""","0.435 /(20.91%)","-","-","19/05/26","02/06/26","09/06/26","12/06/26","10/07/26","14/07/26","供股完成"
"08422.hk","ＷＴ集團","20/03/26","0.1 /(9.91%)","=""1:2""","0.101 /1.0%","-","-","12/06/26","25/06/26","03/07/26","08/07/26","22/07/26","24/07/26","供股完成"
"08507.hk","愛世紀集團","19/03/26","0.1 /(47.37%)","=""1:1""","0.405 /305.0%","-","-","21/05/26","05/06/26","12/06/26","17/06/26","10/07/26","14/07/26","供股完成"
"01682.hk","杭品生活科技","09/03/26","0.085 /(27.97%)","=""1:1""","0.157 /84.71%","-","-","08/05/26","21/05/26","29/05/26","03/06/26","23/06/26","25/06/26","供股完成"
"01751.hk","智算能建","06/03/26","1.58 /0.0%","=""3:1""","0.735 /(53.48%)","-","-","12/03/26","28/04/26","06/05/26","11/05/26","22/05/26","27/05/26","供股完成"
"08057.hk","麥迪森控股","05/03/26","0.486 /(40.0%)","=""2:3""","0.48 /(1.23%)","10合1","-","19/05/26","02/06/26","09/06/26","12/06/26","09/07/26","13/07/26","供股完成"
"08611.hk","九福來","16/02/26","0.6 /(40.6%)","=""1:1""","0.725 /20.83%","-","-","07/07/26","20/07/26","27/07/26","30/07/26","26/08/26","28/08/26","供股完成"
"02699.hk","新明中國","16/02/26","4.7 /(20.0%)","=""1:6""","5.61 /19.36%","-","-","04/06/26","17/06/26","25/06/26","30/06/26","31/07/26","04/08/26","供股完成"
"08619.hk","NIU HOLDINGS","11/02/26","0.107 /(33.5%)","=""1:2""","0.081 /(24.3%)","-","袁志平 (主要股東, 主席兼非執行董事)","18/05/26","01/06/26","08/06/26","11/06/26","06/07/26","08/07/26","供股完成"
"08021.hk","匯隆控股","06/02/26","0.24 /(40.0%)","=""1:1""","0.165 /(31.25%)","40合1","-","17/04/26","29/04/26","07/05/26","12/05/26","28/05/26","01/06/26","供股完成"
"01991.hk","大洋集團","05/02/26","0.8 /(2.44%)","=""1:2""","0.78 /(2.5%)","-","-","22/09/26","06/10/26","13/10/26","16/10/26","28/10/26","30/10/26","待除權"
"02623.hk","香港黃金產業集團","29/01/26","2.88 /(37.66%)","=""2:1""","3.85 /33.68%","-","-","25/02/26","10/03/26","17/03/26","20/03/26","27/03/26","30/03/26","供股完成"
"08547.hk","PACIFIC LEGEND","27/01/26","0.1 /25.0%","=""2:1""","0.089 /(11.0%)","-","-","12/03/26","25/03/26","01/04/26","09/04/26","04/05/26","06/05/26","供股完成"
"01559.hk","均安控股","26/01/26","0.07 /(17.65%)","=""2:1""","0.052 /(25.71%)","-","-","05/02/26","23/02/26","02/03/26","05/03/26","12/03/26","16/03/26","供股完成"
"00770.hk","SHANGHAI GROWTH","15/01/26","0.12 /(60.0%)","=""8:3""","0.22 /83.33%","-","-","04/02/26","20/02/26","27/02/26","04/03/26","20/03/26","24/03/26","供股完成"
"03303.hk","巨濤海洋石油服務","14/01/26","0.16 /(69.23%)","=""6:1""","0.415 /159.38%","-","-","28/01/26","10/02/26","23/02/26","26/02/26","19/03/26","23/03/26","供股完成"
"01592.hk","基石控股","14/01/26","0.105 /(42.86%)","=""1:4""","0.193 /83.81%","-","-","03/03/26","16/03/26","23/03/26","26/03/26","24/04/26","28/04/26","供股完成"
"01592.hk","基石控股","14/01/26","0.105 /(42.86%)","=""1:4""","0.193 /83.81%","-","-","10/04/26","23/04/26","30/04/26","06/05/26","02/06/26","04/06/26","供股完成"
"00689.hk","長盈集團（控股）","13/01/26","0.16 /(17.1%)","=""1:2""","0.151 /(5.63%)","-","港利","10/03/26","23/03/26","30/03/26","02/04/26","14/04/26","16/04/26","供股完成"
"00248.hk","香港通訊國際控股","02/01/26","0.28 /(25.5%)","=""2:1""","0.212 /(24.29%)","8合1","-","06/02/26","24/02/26","03/03/26","06/03/26","16/03/26","18/03/26","供股完成"
"00401.hk","萬嘉集團","30/12/25","0.08 /(31.62%)","=""1:1""","0.133 /66.25%","-","-","12/02/26","02/03/26","09/03/26","12/03/26","31/03/26","02/04/26","供股完成"
"08611.hk","九福來","23/12/25","1.23 /(32.4%)","=""2:1""","0.725 /(41.06%)","-","-","05/01/26","16/01/26","23/01/26","28/01/26","16/02/26","23/02/26","供股取消"
"00810.hk","中國鑄晨８１","19/12/25","0.102 /(26.62%)","=""2:5""","0.092 /(9.8%)","-","-","04/03/26","17/03/26","24/03/26","27/03/26","20/04/26","22/04/26","供股完成"
"01591.hk","汛和集團","12/12/25","0.14 /(6.7%)","=""3:1""","0.118 /(15.71%)","-","-","29/12/25","13/01/26","20/01/26","23/01/26","30/01/26","03/02/26","供股完成"
"01894.hk","恒益控股","11/12/25","0.46 /(28.13%)","=""1:4""","0.51 /10.87%","20合1","-","05/02/26","23/02/26","02/03/26","05/03/26","27/03/26","31/03/26","供股完成"
"00727.hk","中國豐滙","21/11/25","0.65 /(19.75%)","=""1:3""","0.455 /(30.0%)","-","-","20/01/26","02/02/26","09/02/26","12/02/26","24/02/26","26/02/26","供股完成"
"00471.hk","中播數據","19/11/25","0.455 /(31.06%)","=""1:3""","0.1 /(78.02%)","-","-","23/01/26","05/02/26","12/02/26","23/02/26","02/03/26","04/03/26","供股完成"
"00442.hk","域能控股","12/11/25","0.71 /(17.44%)","=""2:1""","0.57 /(19.72%)","-","-","27/11/25","31/12/25","08/01/26","13/01/26","21/01/26","23/01/26","供股完成"
"08238.hk","玖方數智","07/11/25","0.2 /(6.98%)","=""1:3""","0.135 /(32.5%)","-","-","20/01/26","02/02/26","09/02/26","12/02/26","13/03/26","17/03/26","供股完成"
"08283.hk","中食民安","04/11/25","0.35 /(23.91%)","=""1:5""","0.148 /(57.71%)","-","-","22/12/25","07/01/26","14/01/26","19/01/26","11/02/26","13/02/26","供股完成"
"01025.hk","嘉藝控股","02/11/25","0.2 /(9.09%)","=""1:1""","0.203 /1.5%","-","-","06/01/26","20/01/26","27/01/26","30/01/26","13/03/26","17/03/26","供股完成"
"08153.hk","嘉鼎國際集團","24/10/25","0.6 /(38.78%)","=""2:1""","0.7 /16.67%","-","-","06/11/25","19/11/25","26/11/25","01/12/25","17/12/25","19/12/25","供股完成"
"00482.hk","聖馬丁國際","24/10/25","0.75 /2.7%","=""1:1""","0.55 /(26.67%)","10合1","-","26/03/26","13/04/26","20/04/26","23/04/26","08/05/26","12/05/26","供股完成"
"01029.hk","鐵貨","24/10/25","0.51 /(16.39%)","=""2:1""","0.45 /(11.76%)","-","Axioma Capital FZE LLC (董事會主席, 控股股東)","18/12/25","05/01/26","12/01/26","15/01/26","05/02/26","09/02/26","供股完成"
"00122.hk","鱷魚恤","22/10/25","1.5 /(22.68%)","=""2:1""","1.45 /(3.33%)","-","-","12/11/25","25/11/25","02/12/25","05/12/25","12/12/25","16/12/25","供股完成"
"08612.hk","維亮控股","17/10/25","0.1 /23.46%","=""1:3""","0.085 /(15.0%)","-","-","09/01/26","22/01/26","29/01/26","03/02/26","04/03/26","06/03/26","供股完成"
"00209.hk","萬維智能科技","15/10/25","0.14 /(23.5%)","=""1:7""","0.405 /189.29%","-","梧桐","11/12/25","24/12/25","05/01/26","08/01/26","15/01/26","19/01/26","供股完成"
"01613.hk","協同通信","15/10/25","0.135 /(35.71%)","=""1:2""","1.06 /685.19%","-","-","18/12/25","05/01/26","12/01/26","15/01/26","13/02/26","20/02/26","供股完成"
"00145.hk","信能低碳","09/10/25","0.153 /(18.62%)","=""2:1""","0.206 /34.64%","-","-","06/11/25","19/11/25","26/11/25","01/12/25","18/12/25","22/12/25","供股完成"
"08431.hk","浩柏國際","09/10/25","0.21 /(19.23%)","=""1:4""","1.365 /550.0%","-","-","22/12/25","07/01/26","14/01/26","19/01/26","06/02/26","10/02/26","供股完成"
"01909.hk","火岩控股","05/10/25","1.58 /(20.2%)","=""2:1""","1.81 /14.56%","-","薩弗隆國際 (張岩-主要股東)","11/11/25","24/11/25","01/12/25","04/12/25","24/12/25","30/12/25","供股完成"
"01680.hk","澳門勵駿","03/10/25","0.3 /(45.45%)","=""2:1""","0.113 /(62.33%)","-","-","21/10/25","05/01/26","12/01/26","15/01/26","22/01/26","26/01/26","供股完成"
"00080.hk","ＣＡＩ控股","02/10/25","0.35 /(29.29%)","=""2:1""","0.265 /(24.29%)","-","-","09/10/25","22/10/25","30/10/25","04/11/25","11/11/25","13/11/25","供股完成"
"00765.hk","PERFECTECH INTL","26/09/25","0.295 /(18.06%)","=""2:1""","0.135 /(54.24%)","-","-","10/10/25","18/11/25","25/11/25","28/11/25","05/12/25","09/12/25","供股完成"
"08282.hk","智傲控股","22/09/25","0.6 /1.69%","=""2:1""","0.675 /12.5%","-","創陞","15/10/25","28/10/25","05/11/25","10/11/25","17/11/25","19/11/25","供股完成"
"06978.hk","永泰生物－Ｂ","19/09/25","2.5 /(47.7%)","=""5:1""","0.39 /(84.4%)","-","邁時資產管理","02/10/25","16/10/25","30/10/25","04/11/25","12/11/25","14/11/25","供股完成"
"00899.hk","中加國信","15/09/25","0.146 /(33.64%)","=""2:1""","0.175 /19.86%","-","-","24/11/25","05/12/25","12/12/25","17/12/25","08/01/26","12/01/26","供股完成"
"00048.hk","中國汽車內飾","10/09/25","0.13 /(29.73%)","=""2:3""","0.38 /192.31%","-","阿仕特朗資本","18/11/25","01/12/25","03/12/25","08/12/25","29/12/25","31/12/25","供股完成"
"06696.hk","多想雲","04/09/25","0.4753 /(22.08%)","=""1:6""","2.94 /518.56%","-","-","26/11/25","09/12/25","16/12/25","19/12/25","15/01/26","19/01/26","供股完成"
"08341.hk","艾碩控股","04/09/25","0.11 /(25.7%)","=""1:2""","0.145 /31.82%","-","-","12/11/25","25/11/25","02/12/25","05/12/25","24/12/25","30/12/25","供股完成"
"08133.hk","吉盛集團控股","26/08/25","0.3 /(14.29%)","=""1:3""","0.28 /(6.67%)","-","-","未公佈","未公佈","未公佈","未公佈","未公佈","未公佈","待公佈"
"00228.hk","中能控股","14/08/25","1.57 /(19.9%)","=""2:1""","0.85 /(45.86%)","40合1","-","21/11/25","04/12/25","11/12/25","16/12/25","23/12/25","29/12/25","供股完成"
"02324.hk","首都創投","13/08/25","0.12 /(27.3%)","=""1:1""","0.106 /(11.67%)","-","-","16/01/26","29/01/26","05/02/26","10/02/26","12/03/26","16/03/26","供股完成"
"08178.hk","中國信息科技","13/08/25","1.29 /(55.05%)","=""8:3""","0.191 /(85.19%)","-","RaffAello","02/09/25","15/09/25","22/09/25","25/09/25","06/10/25","09/10/25","供股完成"
"00821.hk","匯盈控股","06/08/25","0.45 /(4.26%)","=""1:2""","0.445 /(1.11%)","-","-","15/09/25","26/09/25","06/10/25","10/10/25","17/10/25","21/10/25","供股完成"
"06928.hk","萬馬控股","04/08/25","0.18 /(62.1%)","=""2:1""","0.17 /(5.56%)","-","-","08/08/25","03/09/25","10/09/25","15/09/25","09/10/25","13/10/25","供股完成"
"01073.hk","大禹金融","30/07/25","0.12 /(16.67%)","=""2:1""","0.101 /(15.83%)","-","-","05/08/25","20/08/25","27/08/25","01/09/25","08/09/25","10/09/25","供股完成"
"01765.hk","希教國際控股","30/07/25","0.2 /(1.96%)","=""12:1""","0.147 /(26.5%)","-","-","12/08/25","25/08/25","01/09/25","04/09/25","23/09/25","25/09/25","供股完成"
"00582.hk","神話世界","25/07/25","0.1 /(34.21%)","=""1:1""","0.065 /(35.0%)","-","中富","22/09/25","06/10/25","14/10/25","24/10/25","31/10/25","04/11/25","供股完成"
"01401.hk","未來機器有限公司","23/07/25","0.28 /(72.28%)","=""2:1""","0.25 /(10.71%)","-","-","31/07/25","16/09/25","23/09/25","26/09/25","10/11/25","12/11/25","供股完成"
"01765.hk","希教國際控股","10/07/25","0.2 /5.82%","=""8:1""","0.147 /(26.5%)","-","希望教育投資 (公司主要股東)","01/09/25","12/09/25","19/09/25","24/09/25","10/10/25","14/10/25","供股取消"
"00328.hk","ALCO HOLDINGS","08/07/25","3.24 /(19.0%)","=""1:4""","0.435 /(86.57%)","10合1","-","30/09/25","15/10/25","22/10/25","27/10/25","21/11/25","25/11/25","供股完成"
"02459.hk","昇能集團","07/07/25","0.08 /(55.6%)","=""2:1""","0.76 /850.0%","-","-","16/07/25","29/07/25","05/08/25","08/08/25","25/08/25","27/08/25","供股完成"
"08006.hk","華泰瑞銀","25/06/25","0.08 /(11.1%)","=""2:3""","0.091 /13.75%","-","-","28/08/25","10/09/25","17/09/25","22/09/25","16/10/25","20/10/25","供股完成"
"01679.hk","瑞斯康集團","17/06/25","0.5 /(22.48%)","=""1:5""","1.28 /156.0%","5合1","-","20/08/25","02/09/25","09/09/25","12/09/25","21/10/25","23/10/25","供股完成"
"00804.hk","鼎石資本","10/06/25","1.66 /(40.71%)","=""2:3""","15.48 /832.53%","20合1","-","19/08/25","04/09/25","11/09/25","16/09/25","13/10/25","15/10/25","供股完成"
"00094.hk","綠心集團","10/06/25","0.0363 /(9.25%)","=""2:1""","0.051 /40.5%","-","-","18/06/25","09/07/25","16/07/25","21/07/25","11/08/25","13/08/25","供股完成"
"02440.hk","迷策略","04/06/25","1.262 /(49.7%)","=""2:1""","0.89 /(29.48%)","-","-","24/06/25","08/07/25","15/07/25","18/07/25","25/07/25","11/08/25","供股完成"
"01745.hk","驢跡科技","02/06/25","0.18 /(32.1%)","=""2:1""","2.12 /1077.78%","-","-","18/07/25","31/07/25","07/08/25","12/08/25","19/08/25","21/08/25","供股完成"
"00673.hk","中國衛生集團","23/05/25","0.1 /(28.6%)","=""10:3""","0.305 /205.0%","-","Treasure Wagon Limited (張凡-主席及執行董事)","25/08/25","05/09/25","12/09/25","17/09/25","03/10/25","08/10/25","供股完成"
"08516.hk","中盈國際","23/05/25","0.67 /(33.0%)","=""2:5""","1.685 /151.49%","10合1","-","04/12/25","17/12/25","29/12/25","02/01/26","19/01/26","21/01/26","供股完成"
"00943.hk","中證國際","15/05/25","0.2 /0.0%","=""2:1""","0.16 /(20.0%)","20合1","-","18/07/25","31/07/25","07/08/25","12/08/25","19/08/25","21/08/25","供股完成"
"00204.hk","資本界金控","13/05/25","1.0 /4.17%","=""1:3""","0.09 /(91.0%)","-","-","10/07/25","23/07/25","30/07/25","04/08/25","19/08/25","21/08/25","供股完成"
"00103.hk","首佳科技","13/05/25","0.455 /12.3%","=""20:3""","1.79 /293.41%","-","-","20/05/25","05/06/25","12/06/25","17/06/25","24/06/25","26/06/25","供股完成"
"00339.hk","全球數字控股","09/05/25","0.07 /(43.1%)","=""2:1""","0.695 /892.86%","-","-","15/05/25","11/06/25","18/06/25","23/06/25","07/07/25","09/07/25","供股完成"
"00205.hk","BFB HEALTH","07/05/25","0.11 /(23.61%)","=""2:1""","0.555 /404.55%","-","-","14/05/25","04/06/25","11/06/25","16/06/25","08/07/25","10/07/25","供股完成"
"01486.hk","思城控股","29/04/25","0.1 /(67.21%)","=""2:1""","0.39 /290.0%","-","-","12/05/25","23/05/25","30/05/25","04/06/25","19/06/25","23/06/25","供股完成"
"00200.hk","新濠國際發展","25/04/25","1.0286 /(72.93%)","=""2:1""","3.085 /199.92%","-","-","16/05/25","28/05/25","04/06/25","09/06/25","16/06/25","18/06/25","供股完成"
"00653.hk","卓悅控股","17/04/25","0.08 /(25.93%)","=""1:3""","0.042 /(47.5%)","-","-","14/08/25","27/08/25","03/09/25","09/09/25","15/09/25","17/09/25","供股完成"
"02425.hk","澳亞集團","16/04/25","1.12 /(29.11%)","=""5:2""","1.71 /52.68%","-","-","02/07/25","16/07/25","23/07/25","28/07/25","04/08/25","06/08/25","供股完成"
"02340.hk","昇柏控股","11/04/25","0.051 /(74.5%)","=""2:1""","0.137 /168.63%","-","-","23/04/25","08/05/25","15/05/25","20/05/25","27/05/25","29/05/25","供股完成"
"08547.hk","PACIFIC LEGEND","19/03/25","0.1 /(9.09%)","=""2:1""","0.089 /(11.0%)","-","-","27/03/25","10/04/25","17/04/25","24/04/25","12/05/25","14/05/25","供股完成"
"08143.hk","金威醫療","14/03/25","0.05 /(12.28%)","=""1:1""","0.06 /20.0%","-","-","08/05/25","26/05/25","02/06/25","05/06/25","26/06/25","02/07/25","供股完成"
"01715.hk","智慧健康科技","07/03/25","0.25 /47.06%","=""1:3""","0.455 /82.0%","-","-","06/05/25","16/05/25","23/05/25","28/05/25","17/06/25","19/06/25","供股完成"
"00362.hk","中國天化工","03/03/25","0.92 /(17.9%)","=""1:2""","0.015 /(98.37%)","40合1","元庫","07/05/25","20/05/25","27/05/25","30/05/25","06/06/25","10/06/25","供股完成"
"08028.hk","天時資源","27/02/25","0.178 /(9.64%)","=""2:1""","0.165 /(7.3%)","-","-","05/03/25","18/03/25","25/03/25","28/03/25","07/04/25","09/04/25","供股完成"
"00164.hk","中國寶力科技","18/02/25","0.4 /6.67%","=""1:4""","0.465 /16.25%","-","-","22/04/25","07/05/25","14/05/25","19/05/25","17/07/25","21/07/25","供股完成"
"08623.hk","中國蜀塔","14/02/25","0.11 /(6.78%)","=""2:1""","0.135 /22.73%","-","-","13/03/25","26/03/25","02/04/25","08/04/25","02/05/25","07/05/25","供股完成"
"01529.hk","樂氏國際控股","14/02/25","0.13 /(7.14%)","=""1:4""","0.73 /461.54%","-","-","26/03/25","10/04/25","17/04/25","24/04/25","15/05/25","19/05/25","供股完成"
"08401.hk","華夏水務集團","07/02/25","0.085 /(15.0%)","=""1:2""","0.03 /(64.71%)","-","-","19/03/25","01/04/25","09/04/25","14/04/25","14/05/25","16/05/25","供股完成"
"01778.hk","彩生活","27/01/25","0.165 /0.0%","=""4:1""","0.148 /(10.3%)","-","-","20/02/25","05/03/25","12/03/25","17/03/25","24/03/25","26/03/25","供股完成"
"01718.hk","宏基集團控股","17/01/25","0.2 /(29.82%)","=""1:1""","0.725 /262.5%","-","-","17/03/25","28/03/25","07/04/25","10/04/25","08/05/25","12/05/25","供股完成"
"08120.hk","國農金融投資","31/12/24","0.345 /(25.0%)","=""2:1""","2.2 /537.68%","-","-","07/01/25","04/02/25","11/02/25","14/02/25","06/03/25","10/03/25","供股完成"
"01380.hk","中國金石","27/12/24","0.2 /16.28%","=""5:2""","0.44 /120.0%","-","-","14/01/25","27/01/25","06/02/25","11/02/25","17/02/25","03/03/25","供股完成"
"01380.hk","中國金石","20/12/24","0.2 /19.76%","=""2:1""","0.44 /120.0%","-","-","14/01/25","27/01/25","06/02/25","11/02/25","20/02/25","24/02/25","供股取消"
"08456.hk","民信國際控股","20/12/24","0.29 /(22.9%)","=""1:4""","0.38 /31.03%","8合1","-","08/07/25","21/07/25","28/07/25","31/07/25","14/08/25","18/08/25","供股完成"
"01850.hk","美好生活集團控股","19/12/24","0.53 /(24.29%)","=""1:4""","0.61 /15.09%","5合1","-","06/08/25","19/08/25","26/08/25","29/08/25","24/09/25","26/09/25","供股完成"
"08125.hk","榮記萬通","13/12/24","0.289 /(23.95%)","=""1:3""","0.755 /161.25%","5合1","-","20/02/25","05/03/25","12/03/25","17/03/25","09/04/25","11/04/25","供股完成"
"01143.hk","中國儲能科技發展","13/12/24","0.21 /(36.36%)","=""1:2""","0.445 /111.9%","-","-","02/07/25","15/07/25","22/07/25","25/07/25","22/08/25","26/08/25","供股取消"
"01025.hk","嘉藝控股","10/12/24","0.29 /(9.38%)","=""1:3""","0.203 /(30.0%)","-","-","18/02/25","05/03/25","12/03/25","17/03/25","10/04/25","14/04/25","供股完成"
"02699.hk","新明中國","06/12/24","1.12 /(13.8%)","=""1:4""","5.61 /400.89%","100合1","-","27/05/25","25/06/25","03/07/25","08/07/25","29/07/25","31/07/25","供股完成"
"06128.hk","烯石電車新材料","03/12/24","0.17 /(32.0%)","=""1:3""","0.052 /(69.41%)","5合1","-","27/03/25","10/04/25","17/04/25","24/04/25","21/05/25","23/05/25","供股完成"
"01327.hk","勵時集團","02/12/24","0.15 /(44.44%)","=""1:1""","1.65 /1000.0%","5合1","-","17/03/25","28/03/25","07/04/25","10/04/25","09/05/25","13/05/25","供股完成"
"00223.hk","易生活控股","21/11/24","0.1 /(6.54%)","=""5:1""","0.071 /(29.0%)","-","-","未公佈","未公佈","未公佈","未公佈","未公佈","未公佈","待公佈"
"01355.hk","生物系統工程","21/11/24","0.088 /(49.1%)","=""1:1""","0.153 /73.86%","-","-","24/02/25","07/03/25","14/03/25","19/03/25","26/03/25","28/03/25","供股完成"
"01822.hk","中木國際","19/11/24","0.111 /(45.0%)","=""1:1""","0.112 /0.9%","-","-","20/02/25","05/03/25","12/03/25","17/03/25","17/03/25","24/03/25","供股完成"
"00601.hk","稀鎂科技","19/11/24","0.11 /(43.88%)","=""2:1""","0.062 /(43.64%)","-","Raffaello","02/12/24","30/12/24","07/01/25","10/01/25","16/01/25","20/01/25","供股完成"
"08007.hk","環球戰略集團","15/11/24","0.28 /(12.5%)","=""1:4""","0.485 /73.21%","10合1","-","16/06/25","27/06/25","07/07/25","10/07/25","17/07/25","21/07/25","供股完成"
"06908.hk","宏光半導體","12/11/24","0.48 /(36.0%)","=""4:1""","0.355 /(26.04%)","-","-","18/12/24","03/01/25","10/01/25","15/01/25","06/02/25","10/02/25","供股完成"
"00036.hk","遠東控股國際","11/11/24","0.334 /(35.77%)","=""1:2""","0.275 /(17.66%)","10合1","-","18/12/24","03/01/25","10/01/25","15/01/25","11/02/25","13/02/25","供股完成"
"01129.hk","中國水業集團","06/11/24","0.326 /(49.85%)","=""1:1""","0.163 /(50.0%)","-","-","12/12/24","27/12/24","07/01/25","10/01/25","28/01/25","04/02/25","供股完成"
"01628.hk","禹洲集團","01/11/24","0.035 /(73.68%)","=""100:49""","0.112 /220.0%","-","-","12/06/25","25/06/25","03/07/25","08/07/25","15/07/25","17/07/25","供股完成"
"01029.hk","鐵貨","22/10/24","0.085 /(15.0%)","=""2:1""","0.45 /429.41%","-","-","12/11/24","25/11/24","02/12/24","05/12/24","12/12/24","16/12/24","供股完成"
"08087.hk","中國三三集團","21/10/24","0.3 /(7.41%)","=""2:3""","2.05 /583.33%","4合1","-","10/12/24","23/12/24","02/01/25","07/01/25","04/02/25","06/02/25","供股完成"
"01676.hk","高地股份","18/10/24","0.4 /37.9%","=""2:1""","0.213 /(46.75%)","-","-","24/10/24","27/11/24","04/12/24","09/12/24","02/01/25","06/01/25","供股完成"
"01468.hk","嘉高達資本","18/10/24","0.91 /0.0%","=""2:1""","0.165 /(81.87%)","-","-","14/11/24","16/12/24","23/12/24","30/12/24","07/01/25","09/01/25","供股完成"
"00616.hk","財富鏈","15/10/24","0.092 /(8.0%)","=""1:2""","0.109 /18.48%","-","-","03/12/24","16/12/24","23/12/24","31/12/24","08/01/25","10/01/25","供股完成"
"08113.hk","時騰科技","08/10/24","0.05 /(31.51%)","=""2:1""","0.495 /890.0%","-","-","16/10/24","29/10/24","05/11/24","08/11/24","15/11/24","19/11/24","供股完成"
"08179.hk","百利達集團控股","04/10/24","0.1 /(18.7%)","=""2:1""","0.01 /(90.0%)","-","-","29/10/24","11/11/24","18/11/24","21/11/24","28/11/24","02/12/24","供股完成"
"01129.hk","中國水業集團","04/10/24","0.45 /(49.44%)","=""1:1""","0.163 /(63.78%)","10合1","-","12/12/24","27/12/24","06/01/25","09/01/25","28/01/25","04/02/25","供股取消"
"00745.hk","中國國家文化產業","02/10/24","0.1 /(31.97%)","=""1:2""","4.765 /4665.0%","-","-","21/01/25","06/02/25","13/02/25","18/02/25","13/03/25","17/03/25","供股完成"
"02680.hk","南強控股","26/09/24","0.6 /(67.39%)","=""2:1""","6.91 /1051.67%","10合1","-","28/10/24","08/11/24","15/11/24","20/11/24","05/12/24","09/12/24","供股完成"
"00639.hk","首鋼資源","23/09/24","2.6 /1.96%","=""30:1""","3.05 /17.31%","-","-","10/10/24","24/10/24","31/10/24","05/11/24","12/11/24","14/11/24","供股完成"
"08365.hk","亦辰集團","23/09/24","0.25 /(31.5%)","=""1:3""","0.74 /196.0%","-","-","26/02/25","01/04/25","09/04/25","14/04/25","28/04/25","30/04/25","供股完成"
"00103.hk","首佳科技","13/09/24","0.33 /10.0%","=""5:1""","1.79 /442.42%","-","-","20/09/24","04/10/24","14/10/24","17/10/24","24/10/24","28/10/24","供股完成"
"06829.hk","龍昇集團控股","13/09/24","0.2 /(48.7%)","=""1:1""","2.43 /1115.0%","10合1","Fame Circle Limited, 聯合","15/11/24","02/12/24","09/12/24","12/12/24","20/12/24","24/12/24","供股完成"
"00727.hk","中國豐滙","09/09/24","0.09 /2.27%","=""2:1""","0.455 /405.56%","-","-","20/09/24","11/11/24","18/11/24","21/11/24","28/11/24","02/12/24","供股完成"
"08275.hk","中國新消費集團","04/09/24","0.1 /(5.66%)","=""2:1""","0.095 /(5.0%)","-","-","10/09/24","28/10/24","04/11/24","07/11/24","19/11/24","21/11/24","供股完成"
"01396.hk","粵港灣智算","02/09/24","0.23 /(22.03%)","=""2:1""","10.75 /4573.91%","-","-","25/09/24","09/10/24","17/10/24","22/10/24","29/10/24","31/10/24","供股完成"
"02339.hk","京西國際","22/08/24","0.168 /(13.85%)","=""2:1""","4.47 /2560.71%","-","-","13/09/24","27/09/24","07/10/24","10/10/24","18/10/24","22/10/24","供股完成"
"08223.hk","紫元元","14/08/24","1.0 /(66.44%)","=""5:1""","0.17 /(83.0%)","-","Raffaello","20/08/24","20/09/24","27/09/24","03/10/24","10/10/24","15/10/24","供股取消"
"00707.hk","亞洲電視控股","02/08/24","0.1 /(46.8%)","=""2:1""","0.06 /(40.0%)","-","-","14/08/24","27/08/24","03/09/24","06/09/24","09/09/24","03/10/24","供股完成"
"00163.hk","英皇國際","31/07/24","0.25 /(30.6%)","=""2:1""","0.137 /(45.2%)","-","金利豐","21/08/24","03/09/24","10/09/24","13/09/24","23/09/24","25/09/24","供股完成"
"08426.hk","雅居投資控股","30/07/24","0.25 /(28.57%)","=""10:1""","0.245 /(2.0%)","-","-","未公佈","未公佈","未公佈","未公佈","未公佈","未公佈","待公佈"
"08072.hk","蘭谷股份","22/07/24","0.2 /(23.08%)","=""1:3""","0.35 /75.0%","20合1","Aperto Investments Limited","30/08/24","12/09/24","20/09/24","25/09/24","14/10/24","16/10/24","供股完成"
"01865.hk","鵬高控股集團","19/07/24","0.18 /(14.3%)","=""1:4""","0.42 /133.33%","10合1","-","11/09/24","25/09/24","03/10/24","08/10/24","23/10/24","25/10/24","供股完成"
"01872.hk","冠轈控股","12/07/24","0.4 /(20.0%)","=""1:4""","4.55 /1037.5%","-","-","22/10/24","26/11/24","03/12/24","06/12/24","10/01/25","14/01/25","供股完成"
"08326.hk","同景新能源","02/07/24","0.1 /(41.18%)","=""2:1""","0.128 /28.0%","-","-","18/07/24","31/07/24","07/08/24","12/08/24","29/08/24","02/09/24","供股完成"
"08153.hk","嘉鼎國際集團","28/06/24","0.1 /(16.67%)","=""1:3""","0.7 /600.0%","-","-","14/08/24","27/08/24","03/09/24","09/09/24","25/09/24","27/09/24","供股完成"
"08219.hk","恆偉集團控股","27/06/24","0.1 /(59.3%)","=""2:1""","0.38 /280.0%","-","-","10/07/24","31/07/24","07/08/24","12/08/24","30/08/24","03/09/24","供股完成"
"00476.hk","科軒動力控股","26/06/24","0.095 /(3.06%)","=""2:3""","0.66 /594.74%","-","-","20/08/24","02/09/24","09/09/24","12/09/24","09/10/24","14/10/24","供股完成"
"08537.hk","創輝珠寶","25/06/24","0.12 /(32.2%)","=""1:3""","0.21 /75.0%","-","-","12/08/24","23/08/24","30/08/24","04/09/24","11/09/24","13/09/24","供股完成"
"01906.hk","博尼控股","19/06/24","0.245 /(43.02%)","=""4:1""","0.82 /234.69%","-","-","04/07/24","21/08/24","28/08/24","02/09/24","09/09/24","11/09/24","供股完成"
"01208.hk","五礦資源","04/06/24","2.62 /(31.41%)","=""5:2""","9.09 /246.95%","-","花旗, 麥格理, 美林, 華泰","11/06/24","24/06/24","02/07/24","05/07/24","12/07/24","16/07/24","供股完成"
"08500.hk","天泓文創","29/05/24","0.25 /(36.71%)","=""1:1""","0.091 /(63.6%)","-","-","05/07/24","18/07/24","25/07/24","30/07/24","13/08/24","15/08/24","供股完成"
"08196.hk","福田股份","16/05/24","0.3 /0.0%","=""2:1""","0.835 /178.33%","-","-","04/06/24","18/06/24","25/06/24","28/06/24","08/07/24","10/07/24","供股完成"
"01010.hk","天璽曜１１","10/05/24","0.33 /(33.3%)","=""1:1""","0.032 /(90.3%)","-","-","19/06/24","03/07/24","10/07/24","15/07/24","05/08/24","07/08/24","供股取消"
"08160.hk","GOLDWAY EDU","30/04/24","0.145 /(27.5%)","=""1:3""","0.57 /293.1%","5合1","-","20/06/24","04/07/24","11/07/24","16/07/24","02/08/24","06/08/24","供股完成"
"08030.hk","豐銀禾控股","26/04/24","0.25 /(24.2%)","=""1:3""","1.725 /590.0%","-","-","19/06/24","03/07/24","10/07/24","15/07/24","05/08/24","07/08/24","供股完成"
"00582.hk","神話世界","18/04/24","0.26 /(33.33%)","=""1:2""","0.065 /(75.0%)","10合1","-","18/06/24","02/07/24","09/07/24","12/07/24","22/07/24","24/07/24","供股完成"
"00905.hk","胡桃資本","09/04/24","0.162 /(45.1%)","=""2:1""","0.151 /(6.79%)","-","-","19/04/24","03/05/24","10/05/24","16/05/24","29/05/24","31/05/24","供股完成"
"00197.hk","亨泰","08/04/24","0.35 /0.0%","=""2:1""","0.49 /40.0%","-","-","19/04/24","03/05/24","10/05/24","16/05/24","23/05/24","27/05/24","供股完成"
"02330.hk","中國上城","08/04/24","0.15 /(31.8%)","=""1:2""","0.236 /57.33%","-","-","12/06/24","25/06/24","03/07/24","08/07/24","22/07/24","24/07/24","供股完成"
"08340.hk","紫荊國際金融","25/03/24","0.12 /(20.53%)","=""1:5""","0.58 /383.33%","-","-","19/06/24","03/07/24","10/07/24","15/07/24","07/08/24","09/08/24","供股完成"
"01421.hk","恒昌集團國際","22/03/24","0.4 /(9.09%)","=""2:1""","0.69 /72.5%","-","-","28/03/24","15/04/24","22/04/24","25/04/24","08/05/24","10/05/24","供股完成"
"00286.hk","愛帝宮","20/03/24","0.042 /(38.24%)","=""3:1""","1.31 /3019.05%","-","Raffaello","10/04/24","23/04/24","30/04/24","06/05/24","13/05/24","16/05/24","供股完成"
"02448.hk","恆宇集團","01/03/24","0.034 /(19.05%)","=""1:4""","0.09 /164.71%","20合1","-","08/05/24","22/05/24","29/05/24","03/06/24","26/06/24","28/06/24","供股完成"
"02135.hk","瑞麗醫美","26/02/24","0.148 /(74.04%)","=""3:1""","0.109 /(26.35%)","5合1","創陞","20/03/24","05/04/24","12/04/24","17/04/24","24/04/24","26/04/24","供股完成"
"08460.hk","基地錦標集團","23/02/24","0.12 /(31.82%)","=""1:3""","0.415 /245.83%","-","-","24/05/24","11/06/24","18/06/24","21/06/24","10/07/24","12/07/24","供股完成"
"08121.hk","國恩控股","21/02/24","1.04 /(33.3%)","=""1:2""","0.39 /(62.5%)","20合1","Raffaello","20/08/24","02/09/24","09/09/24","12/09/24","20/09/24","24/09/24","供股完成"
